"LICH_SPPCD","yrplot.id","INVYR","STATECD","COUNTYCD","PLOT","MEASYEAR","ABUNDANCE_CLASS","plot.id","LON","LAT","GENUS","SPECIES","Binomial"
301,"2001_42_87_1010",2001,42,87,1010,2001,2,"42_87_1010",-77.70011,40.70391,"Anaptychia","palmulata","Anaptychia palmulata"
702,"2002_42_7_2334",2002,42,7,2334,2002,2,"42_7_2334",-80.47152,40.66267,"Bulbothrix","coronata","Bulbothrix coronata"
702,"2002_42_55_1954",2002,42,55,1954,2002,1,"42_55_1954",-77.73248,40.07539,"Bulbothrix","coronata","Bulbothrix coronata"
800,"2002_42_5_2625",2002,42,5,2625,2002,2,"42_5_2625",-79.55982,40.90603,"Canoparmelia","","Canoparmelia"
1002,"2000_42_35_1651",2000,42,35,1651,2000,3,"42_35_1651",-77.98376,41.33881,"Cetraria","aurescens","Ahtiana aurescens"
1002,"2000_42_131_352",2000,42,131,352,2000,1,"42_131_352",-76.04695,41.55543,"Cetraria","aurescens","Ahtiana aurescens"
1002,"2000_42_27_854",2000,42,27,854,2000,2,"42_27_854",-77.56483,40.93963,"Cetraria","aurescens","Ahtiana aurescens"
1012,"2003_42_23_4610",2003,42,23,4610,2003,2,"42_23_4610",-78.316455,41.476915,"Cetraria","oakesiana","Usnocetraria oakesiana"
1012,"2002_42_35_2330",2002,42,35,2330,2002,2,"42_35_2330",-77.65972,41.36803,"Cetraria","oakesiana","Usnocetraria oakesiana"
1012,"2003_42_33_5479",2003,42,33,5479,2003,2,"42_33_5479",-78.247148,41.030423,"Cetraria","oakesiana","Usnocetraria oakesiana"
1012,"2001_42_103_1660",2001,42,103,1660,2001,3,"42_103_1660",-74.84175,41.35597,"Cetraria","oakesiana","Usnocetraria oakesiana"
1012,"2003_42_87_4458",2003,42,87,4458,2003,3,"42_87_4458",-77.677819,40.454439,"Cetraria","oakesiana","Usnocetraria oakesiana"
1012,"2003_42_35_5585",2003,42,35,5585,2003,3,"42_35_5585",-77.810669,41.295058,"Cetraria","oakesiana","Usnocetraria oakesiana"
1012,"2001_42_15_1429",2001,42,15,1429,2001,2,"42_15_1429",-76.52004,41.68525,"Cetraria","oakesiana","Usnocetraria oakesiana"
1012,"2002_42_127_2525",2002,42,127,2525,2002,2,"42_127_2525",-75.36266,41.98633,"Cetraria","oakesiana","Usnocetraria oakesiana"
1012,"2002_42_117_2103",2002,42,117,2103,2002,1,"42_117_2103",-77.40225,41.78343,"Cetraria","oakesiana","Usnocetraria oakesiana"
1012,"2001_42_117_1078",2001,42,117,1078,2001,3,"42_117_1078",-77.20034,41.58583,"Cetraria","oakesiana","Usnocetraria oakesiana"
1012,"2003_42_83_4727",2003,42,83,4727,2003,2,"42_83_4727",-78.367019,41.86466,"Cetraria","oakesiana","Usnocetraria oakesiana"
1012,"2001_42_37_1492",2001,42,37,1492,2001,3,"42_37_1492",-76.39508,40.82616,"Cetraria","oakesiana","Usnocetraria oakesiana"
1012,"2002_42_27_2422",2002,42,27,2422,2002,2,"42_27_2422",-77.27127,40.99691,"Cetraria","oakesiana","Usnocetraria oakesiana"
1012,"2001_42_55_532",2001,42,55,532,2001,2,"42_55_532",-77.91584,39.98953,"Cetraria","oakesiana","Usnocetraria oakesiana"
1012,"2002_42_65_2746",2002,42,65,2746,2002,1,"42_65_2746",-78.93837,41.25637,"Cetraria","oakesiana","Usnocetraria oakesiana"
1012,"2001_42_61_716",2001,42,61,716,2001,3,"42_61_716",-77.74344,40.25368,"Cetraria","oakesiana","Usnocetraria oakesiana"
1012,"2002_42_27_2236",2002,42,27,2236,2002,1,"42_27_2236",-77.875,40.9215,"Cetraria","oakesiana","Usnocetraria oakesiana"
1012,"2002_42_123_2717",2002,42,123,2717,2002,2,"42_123_2717",-79.37352,41.63236,"Cetraria","oakesiana","Usnocetraria oakesiana"
1012,"2001_42_87_1010",2001,42,87,1010,2001,3,"42_87_1010",-77.70011,40.70391,"Cetraria","oakesiana","Usnocetraria oakesiana"
1012,"2002_42_21_2171",2002,42,21,2171,2002,2,"42_21_2171",-78.50531,40.58531,"Cetraria","oakesiana","Usnocetraria oakesiana"
1012,"2003_42_43_3545",2003,42,43,3545,2003,2,"42_43_3545",-76.706968,40.505765,"Cetraria","oakesiana","Usnocetraria oakesiana"
1012,"2001_42_83_1150",2001,42,83,1150,2001,2,"42_83_1150",-78.90672,41.86883,"Cetraria","oakesiana","Usnocetraria oakesiana"
1012,"2003_42_127_5039",2003,42,127,5039,2003,3,"42_127_5039",-75.344239,41.677427,"Cetraria","oakesiana","Usnocetraria oakesiana"
1012,"2003_42_57_5418",2003,42,57,5418,2003,3,"42_57_5418",-78.068499,39.765063,"Cetraria","oakesiana","Usnocetraria oakesiana"
1200,"2001_42_25_571",2001,42,25,571,2001,3,"42_25_571",-75.77375,40.87323,"Cladonia","","Cladonia"
1203,"2003_42_33_5479",2003,42,33,5479,2003,3,"42_33_5479",-78.247148,41.030423,"Cladonia","bacillaris","Cladonia macilenta"
1203,"2001_42_65_417",2001,42,65,417,2001,3,"42_65_417",-79.09988,41.16612,"Cladonia","bacillaris","Cladonia macilenta"
1203,"2003_42_33_3350",2003,42,33,3350,2003,3,"42_33_3350",-78.697546,40.758315,"Cladonia","bacillaris","Cladonia macilenta"
1203,"2002_42_65_2746",2002,42,65,2746,2002,3,"42_65_2746",-78.93837,41.25637,"Cladonia","bacillaris","Cladonia macilenta"
1203,"2003_42_33_3637",2003,42,33,3637,2003,2,"42_33_3637",-78.770738,41.182619,"Cladonia","bacillaris","Cladonia macilenta"
1203,"2003_42_59_3895",2003,42,59,3895,2003,1,"42_59_3895",-80.48313,39.721615,"Cladonia","bacillaris","Cladonia macilenta"
1203,"2000_42_83_1742",2000,42,83,1742,2000,3,"42_83_1742",-78.36157,41.74188,"Cladonia","bacillaris","Cladonia macilenta"
1203,"2003_42_81_3290",2003,42,81,3290,2003,2,"42_81_3290",-76.791561,41.361027,"Cladonia","bacillaris","Cladonia macilenta"
1203,"2003_42_121_5557",2003,42,121,5557,2003,3,"42_121_5557",-79.849722,41.528285,"Cladonia","bacillaris","Cladonia macilenta"
1203,"2003_42_127_5039",2003,42,127,5039,2003,3,"42_127_5039",-75.344239,41.677427,"Cladonia","bacillaris","Cladonia macilenta"
1207,"2002_42_65_2746",2002,42,65,2746,2002,3,"42_65_2746",-78.93837,41.25637,"Cladonia","caespiticia","Cladonia caespiticia"
1207,"2002_42_127_2525",2002,42,127,2525,2002,3,"42_127_2525",-75.36266,41.98633,"Cladonia","caespiticia","Cladonia caespiticia"
1210,"2001_42_33_765",2001,42,33,765,2001,3,"42_33_765",-78.78031,41.05183,"Cladonia","chlorophaea","Cladonia chlorophaea"
1210,"2002_42_39_2006",2002,42,39,2006,2002,3,"42_39_2006",-79.97646,41.52876,"Cladonia","chlorophaea","Cladonia chlorophaea"
1210,"2002_42_5_2625",2002,42,5,2625,2002,3,"42_5_2625",-79.55982,40.90603,"Cladonia","chlorophaea","Cladonia chlorophaea"
1210,"2001_42_87_1010",2001,42,87,1010,2001,3,"42_87_1010",-77.70011,40.70391,"Cladonia","chlorophaea","Cladonia chlorophaea"
1210,"2001_42_37_1492",2001,42,37,1492,2001,2,"42_37_1492",-76.39508,40.82616,"Cladonia","chlorophaea","Cladonia chlorophaea"
1211,"2002_42_79_2906",2002,42,79,2906,2002,3,"42_79_2906",-75.93652,41.06784,"Cladonia","coniocraea","Cladonia coniocraea"
1211,"2000_42_123_37",2000,42,123,37,2000,4,"42_123_37",-79.05187,41.65914,"Cladonia","coniocraea","Cladonia coniocraea"
1211,"2002_42_35_2330",2002,42,35,2330,2002,3,"42_35_2330",-77.65972,41.36803,"Cladonia","coniocraea","Cladonia coniocraea"
1211,"2000_42_59_1341",2000,42,59,1341,2000,4,"42_59_1341",-79.9503,39.8598,"Cladonia","coniocraea","Cladonia coniocraea"
1211,"2002_42_5_2625",2002,42,5,2625,2002,3,"42_5_2625",-79.55982,40.90603,"Cladonia","coniocraea","Cladonia coniocraea"
1211,"2001_42_27_1874",2001,42,27,1874,2001,3,"42_27_1874",-78.05351,40.83377,"Cladonia","coniocraea","Cladonia coniocraea"
1211,"2001_42_13_1619",2001,42,13,1619,2001,3,"42_13_1619",-78.3638,40.6645,"Cladonia","coniocraea","Cladonia coniocraea"
1211,"2003_42_5_5244",2003,42,5,5244,2003,3,"42_5_5244",-79.676381,40.694649,"Cladonia","coniocraea","Cladonia coniocraea"
1211,"2001_42_15_1429",2001,42,15,1429,2001,2,"42_15_1429",-76.52004,41.68525,"Cladonia","coniocraea","Cladonia coniocraea"
1211,"2002_42_105_2581",2002,42,105,2581,2002,3,"42_105_2581",-78.0758,41.72411,"Cladonia","coniocraea","Cladonia coniocraea"
1211,"2001_42_39_1284",2001,42,39,1284,2001,3,"42_39_1284",-80.16224,41.48807,"Cladonia","coniocraea","Cladonia coniocraea"
1211,"2001_42_121_524",2001,42,121,524,2001,3,"42_121_524",-79.78418,41.38625,"Cladonia","coniocraea","Cladonia coniocraea"
1211,"2000_42_83_1742",2000,42,83,1742,2000,3,"42_83_1742",-78.36157,41.74188,"Cladonia","coniocraea","Cladonia coniocraea"
1211,"2001_42_55_532",2001,42,55,532,2001,3,"42_55_532",-77.91584,39.98953,"Cladonia","coniocraea","Cladonia coniocraea"
1211,"2001_42_3_244",2001,42,3,244,2001,3,"42_3_244",-80.01108,40.64518,"Cladonia","coniocraea","Cladonia coniocraea"
1211,"2001_42_9_529",2001,42,9,529,2001,3,"42_9_529",-78.63931,40.23931,"Cladonia","coniocraea","Cladonia coniocraea"
1211,"2001_42_129_1739",2001,42,129,1739,2001,3,"42_129_1739",-79.22762,40.14009,"Cladonia","coniocraea","Cladonia coniocraea"
1211,"2002_42_113_2711",2002,42,113,2711,2002,2,"42_113_2711",-76.32124,41.50841,"Cladonia","coniocraea","Cladonia coniocraea"
1211,"2003_42_81_3290",2003,42,81,3290,2003,3,"42_81_3290",-76.791561,41.361027,"Cladonia","coniocraea","Cladonia coniocraea"
1211,"2003_42_35_5585",2003,42,35,5585,2003,3,"42_35_5585",-77.810669,41.295058,"Cladonia","coniocraea","Cladonia coniocraea"
1211,"2002_42_49_2551",2002,42,49,2551,2002,3,"42_49_2551",-79.76296,42.05952,"Cladonia","coniocraea","Cladonia coniocraea"
1211,"2003_42_117_4178",2003,42,117,4178,2003,3,"42_117_4178",-77.324833,41.562156,"Cladonia","coniocraea","Cladonia coniocraea"
1211,"2002_42_51_2169",2002,42,51,2169,2002,2,"42_51_2169",-79.69227,39.88935,"Cladonia","coniocraea","Cladonia coniocraea"
1211,"2002_42_65_2746",2002,42,65,2746,2002,3,"42_65_2746",-78.93837,41.25637,"Cladonia","coniocraea","Cladonia coniocraea"
1211,"2001_42_83_1150",2001,42,83,1150,2001,3,"42_83_1150",-78.90672,41.86883,"Cladonia","coniocraea","Cladonia coniocraea"
1211,"2001_42_33_765",2001,42,33,765,2001,3,"42_33_765",-78.78031,41.05183,"Cladonia","coniocraea","Cladonia coniocraea"
1211,"2003_42_33_5479",2003,42,33,5479,2003,3,"42_33_5479",-78.247148,41.030423,"Cladonia","coniocraea","Cladonia coniocraea"
1211,"2000_42_35_1651",2000,42,35,1651,2000,2,"42_35_1651",-77.98376,41.33881,"Cladonia","coniocraea","Cladonia coniocraea"
1211,"2000_42_47_384",2000,42,47,384,2000,3,"42_47_384",-78.64249,41.2789,"Cladonia","coniocraea","Cladonia coniocraea"
1211,"2002_42_27_2236",2002,42,27,2236,2002,3,"42_27_2236",-77.875,40.9215,"Cladonia","coniocraea","Cladonia coniocraea"
1211,"2003_42_83_3075",2003,42,83,3075,2003,3,"42_83_3075",-78.856085,41.628,"Cladonia","coniocraea","Cladonia coniocraea"
1211,"2001_42_87_1010",2001,42,87,1010,2001,3,"42_87_1010",-77.70011,40.70391,"Cladonia","coniocraea","Cladonia coniocraea"
1211,"2002_42_117_2103",2002,42,117,2103,2002,3,"42_117_2103",-77.40225,41.78343,"Cladonia","coniocraea","Cladonia coniocraea"
1211,"2002_42_21_2171",2002,42,21,2171,2002,3,"42_21_2171",-78.50531,40.58531,"Cladonia","coniocraea","Cladonia coniocraea"
1211,"2000_42_31_1935",2000,42,31,1935,2000,1,"42_31_1935",-79.24591,41.22012,"Cladonia","coniocraea","Cladonia coniocraea"
1211,"2003_42_127_5039",2003,42,127,5039,2003,3,"42_127_5039",-75.344239,41.677427,"Cladonia","coniocraea","Cladonia coniocraea"
1211,"2002_42_47_2061",2002,42,47,2061,2002,3,"42_47_2061",-78.64445,41.41663,"Cladonia","coniocraea","Cladonia coniocraea"
1211,"2001_42_51_1016",2001,42,51,1016,2001,3,"42_51_1016",-79.82789,39.80492,"Cladonia","coniocraea","Cladonia coniocraea"
1211,"2001_42_47_1607",2001,42,47,1607,2001,3,"42_47_1607",-78.47482,41.49245,"Cladonia","coniocraea","Cladonia coniocraea"
1212,"2002_42_65_2746",2002,42,65,2746,2002,1,"42_65_2746",-78.93837,41.25637,"Cladonia","cristatella","Cladonia cristatella"
1212,"2001_42_33_765",2001,42,33,765,2001,2,"42_33_765",-78.78031,41.05183,"Cladonia","cristatella","Cladonia cristatella"
1214,"2003_42_79_5354",2003,42,79,5354,2003,3,"42_79_5354",-75.786711,40.996646,"Cladonia","cylindrica","Cladonia cylindrica"
1214,"2003_42_121_5557",2003,42,121,5557,2003,3,"42_121_5557",-79.849722,41.528285,"Cladonia","cylindrica","Cladonia cylindrica"
1214,"2001_42_3_244",2001,42,3,244,2001,3,"42_3_244",-80.01108,40.64518,"Cladonia","cylindrica","Cladonia cylindrica"
1214,"2003_42_33_3637",2003,42,33,3637,2003,2,"42_33_3637",-78.770738,41.182619,"Cladonia","cylindrica","Cladonia cylindrica"
1214,"2001_42_39_1284",2001,42,39,1284,2001,3,"42_39_1284",-80.16224,41.48807,"Cladonia","cylindrica","Cladonia cylindrica"
1225,"2002_42_79_2906",2002,42,79,2906,2002,3,"42_79_2906",-75.93652,41.06784,"Cladonia","macilenta","Cladonia macilenta"
1225,"2003_42_33_3637",2003,42,33,3637,2003,2,"42_33_3637",-78.770738,41.182619,"Cladonia","macilenta","Cladonia macilenta"
1225,"2002_42_129_2903",2002,42,129,2903,2002,2,"42_129_2903",-79.43012,40.34116,"Cladonia","macilenta","Cladonia macilenta"
1225,"2002_42_49_2551",2002,42,49,2551,2002,3,"42_49_2551",-79.76296,42.05952,"Cladonia","macilenta","Cladonia macilenta"
1225,"2003_42_23_4610",2003,42,23,4610,2003,3,"42_23_4610",-78.316455,41.476915,"Cladonia","macilenta","Cladonia macilenta"
1225,"2002_42_117_2103",2002,42,117,2103,2002,1,"42_117_2103",-77.40225,41.78343,"Cladonia","macilenta","Cladonia macilenta"
1225,"2003_42_35_5585",2003,42,35,5585,2003,3,"42_35_5585",-77.810669,41.295058,"Cladonia","macilenta","Cladonia macilenta"
1225,"2003_42_121_5557",2003,42,121,5557,2003,3,"42_121_5557",-79.849722,41.528285,"Cladonia","macilenta","Cladonia macilenta"
1225,"2002_42_69_2128",2002,42,69,2128,2002,1,"42_69_2128",-75.64292,41.23891,"Cladonia","macilenta","Cladonia macilenta"
1225,"2002_42_123_2717",2002,42,123,2717,2002,3,"42_123_2717",-79.37352,41.63236,"Cladonia","macilenta","Cladonia macilenta"
1225,"2003_42_127_5039",2003,42,127,5039,2003,3,"42_127_5039",-75.344239,41.677427,"Cladonia","macilenta","Cladonia macilenta"
1225,"2003_42_33_5479",2003,42,33,5479,2003,3,"42_33_5479",-78.247148,41.030423,"Cladonia","macilenta","Cladonia macilenta"
1225,"2003_42_117_4178",2003,42,117,4178,2003,3,"42_117_4178",-77.324833,41.562156,"Cladonia","macilenta","Cladonia macilenta"
1225,"2002_42_51_2763",2002,42,51,2763,2002,3,"42_51_2763",-79.3877,40.06603,"Cladonia","macilenta","Cladonia macilenta"
1225,"2002_42_27_2236",2002,42,27,2236,2002,3,"42_27_2236",-77.875,40.9215,"Cladonia","macilenta","Cladonia macilenta"
1229,"2001_42_83_438",2001,42,83,438,2001,3,"42_83_438",-78.2116,41.68793,"Cladonia","parasitica","Cladonia parasitica"
1229,"2003_42_23_4610",2003,42,23,4610,2003,3,"42_23_4610",-78.316455,41.476915,"Cladonia","parasitica","Cladonia parasitica"
1229,"2001_42_47_1607",2001,42,47,1607,2001,3,"42_47_1607",-78.47482,41.49245,"Cladonia","parasitica","Cladonia parasitica"
1229,"2001_42_33_765",2001,42,33,765,2001,3,"42_33_765",-78.78031,41.05183,"Cladonia","parasitica","Cladonia parasitica"
1229,"2003_42_35_5585",2003,42,35,5585,2003,3,"42_35_5585",-77.810669,41.295058,"Cladonia","parasitica","Cladonia parasitica"
1233,"2001_42_109_1113",2001,42,109,1113,2001,2,"42_109_1113",-77.07423,40.74303,"Cladonia","pyxidata","Cladonia pyxidata"
1234,"2001_42_121_524",2001,42,121,524,2001,3,"42_121_524",-79.78418,41.38625,"Cladonia","ramulosa","Cladonia ramulosa"
1234,"2003_42_109_4041",2003,42,109,4041,2003,3,"42_109_4041",-77.199108,40.705846,"Cladonia","ramulosa","Cladonia ramulosa"
1234,"2003_42_5_5244",2003,42,5,5244,2003,3,"42_5_5244",-79.676381,40.694649,"Cladonia","ramulosa","Cladonia ramulosa"
1243,"2003_42_127_5039",2003,42,127,5039,2003,3,"42_127_5039",-75.344239,41.677427,"Cladonia","didyma","Cladonia didyma"
1264,"2000_42_59_1341",2000,42,59,1341,2000,3,"42_59_1341",-79.9503,39.8598,"Cladonia","decorticata","Cladonia decorticata"
1267,"2001_42_33_765",2001,42,33,765,2001,3,"42_33_765",-78.78031,41.05183,"Cladonia","pleurota","Cladonia pleurota"
2403,"2000_42_105_472",2000,42,105,472,2000,1,"42_105_472",-77.63984,41.51313,"Evernia","mesomorpha","Evernia mesomorpha"
2600,"2001_42_29_448",2001,42,29,448,2001,3,"42_29_448",-75.6301,40.01467,"Flavoparmelia","","Flavoparmelia"
2600,"2001_42_27_1874",2001,42,27,1874,2001,2,"42_27_1874",-78.05351,40.83377,"Flavoparmelia","","Flavoparmelia"
2600,"2001_42_83_438",2001,42,83,438,2001,2,"42_83_438",-78.2116,41.68793,"Flavoparmelia","","Flavoparmelia"
2600,"2001_42_129_33",2001,42,129,33,2001,2,"42_129_33",-79.70783,40.59669,"Flavoparmelia","","Flavoparmelia"
2600,"2001_42_129_1739",2001,42,129,1739,2001,1,"42_129_1739",-79.22762,40.14009,"Flavoparmelia","","Flavoparmelia"
2601,"2003_42_5_3303",2003,42,5,3303,2003,2,"42_5_3303",-79.231302,40.944683,"Flavoparmelia","caperata","Flavoparmelia caperata"
2601,"2002_42_83_2213",2002,42,83,2213,2002,1,"42_83_2213",-78.68337,41.70452,"Flavoparmelia","caperata","Flavoparmelia caperata"
2601,"2001_42_117_1078",2001,42,117,1078,2001,3,"42_117_1078",-77.20034,41.58583,"Flavoparmelia","caperata","Flavoparmelia caperata"
2601,"2003_42_79_5354",2003,42,79,5354,2003,3,"42_79_5354",-75.786711,40.996646,"Flavoparmelia","caperata","Flavoparmelia caperata"
2601,"2002_42_69_2128",2002,42,69,2128,2002,2,"42_69_2128",-75.64292,41.23891,"Flavoparmelia","caperata","Flavoparmelia caperata"
2601,"2001_42_33_765",2001,42,33,765,2001,3,"42_33_765",-78.78031,41.05183,"Flavoparmelia","caperata","Flavoparmelia caperata"
2601,"2000_42_125_1159",2000,42,125,1159,2000,1,"42_125_1159",-80.15276,40.19994,"Flavoparmelia","caperata","Flavoparmelia caperata"
2601,"2000_42_27_854",2000,42,27,854,2000,3,"42_27_854",-77.56483,40.93963,"Flavoparmelia","caperata","Flavoparmelia caperata"
2601,"2000_42_105_549",2000,42,105,549,2000,3,"42_105_549",-78.00457,41.83199,"Flavoparmelia","caperata","Flavoparmelia caperata"
2601,"2002_42_125_2160",2002,42,125,2160,2002,2,"42_125_2160",-80.42745,40.39269,"Flavoparmelia","caperata","Flavoparmelia caperata"
2601,"2003_42_35_5585",2003,42,35,5585,2003,3,"42_35_5585",-77.810669,41.295058,"Flavoparmelia","caperata","Flavoparmelia caperata"
2601,"2001_42_121_524",2001,42,121,524,2001,3,"42_121_524",-79.78418,41.38625,"Flavoparmelia","caperata","Flavoparmelia caperata"
2601,"2003_42_117_4178",2003,42,117,4178,2003,3,"42_117_4178",-77.324833,41.562156,"Flavoparmelia","caperata","Flavoparmelia caperata"
2601,"2002_42_35_2330",2002,42,35,2330,2002,2,"42_35_2330",-77.65972,41.36803,"Flavoparmelia","caperata","Flavoparmelia caperata"
2601,"2003_42_121_5557",2003,42,121,5557,2003,3,"42_121_5557",-79.849722,41.528285,"Flavoparmelia","caperata","Flavoparmelia caperata"
2601,"2000_42_81_345",2000,42,81,345,2000,3,"42_81_345",-77.32979,41.41098,"Flavoparmelia","caperata","Flavoparmelia caperata"
2601,"2003_42_5_5244",2003,42,5,5244,2003,3,"42_5_5244",-79.676381,40.694649,"Flavoparmelia","caperata","Flavoparmelia caperata"
2601,"2003_42_125_6017",2003,42,125,6017,2003,3,"42_125_6017",-80.008361,39.996952,"Flavoparmelia","caperata","Flavoparmelia caperata"
2601,"2000_42_35_1651",2000,42,35,1651,2000,3,"42_35_1651",-77.98376,41.33881,"Flavoparmelia","caperata","Flavoparmelia caperata"
2601,"2002_42_5_2625",2002,42,5,2625,2002,3,"42_5_2625",-79.55982,40.90603,"Flavoparmelia","caperata","Flavoparmelia caperata"
2601,"2003_42_111_3060",2003,42,111,3060,2003,3,"42_111_3060",-79.075114,40.078382,"Flavoparmelia","caperata","Flavoparmelia caperata"
2601,"2001_42_25_571",2001,42,25,571,2001,2,"42_25_571",-75.77375,40.87323,"Flavoparmelia","caperata","Flavoparmelia caperata"
2601,"2001_42_15_1429",2001,42,15,1429,2001,3,"42_15_1429",-76.52004,41.68525,"Flavoparmelia","caperata","Flavoparmelia caperata"
2601,"2000_42_105_472",2000,42,105,472,2000,1,"42_105_472",-77.63984,41.51313,"Flavoparmelia","caperata","Flavoparmelia caperata"
2601,"2001_42_127_826",2001,42,127,826,2001,3,"42_127_826",-75.21091,41.77505,"Flavoparmelia","caperata","Flavoparmelia caperata"
2601,"2003_42_127_5039",2003,42,127,5039,2003,3,"42_127_5039",-75.344239,41.677427,"Flavoparmelia","caperata","Flavoparmelia caperata"
2601,"2001_42_79_725",2001,42,79,725,2001,3,"42_79_725",-76.09362,40.98995,"Flavoparmelia","caperata","Flavoparmelia caperata"
2601,"2000_42_15_1918",2000,42,15,1918,2000,1,"42_15_1918",-76.34663,41.89816,"Flavoparmelia","caperata","Flavoparmelia caperata"
2601,"2001_42_61_716",2001,42,61,716,2001,2,"42_61_716",-77.74344,40.25368,"Flavoparmelia","caperata","Flavoparmelia caperata"
2601,"2000_42_57_1244",2000,42,57,1244,2000,1,"42_57_1244",-78.10482,40.07775,"Flavoparmelia","caperata","Flavoparmelia caperata"
2601,"2001_42_123_492",2001,42,123,492,2001,2,"42_123_492",-79.57168,41.84829,"Flavoparmelia","caperata","Flavoparmelia caperata"
2601,"2002_42_107_2090",2002,42,107,2090,2002,3,"42_107_2090",-76.21895,40.61765,"Flavoparmelia","caperata","Flavoparmelia caperata"
2601,"2003_42_57_5418",2003,42,57,5418,2003,3,"42_57_5418",-78.068499,39.765063,"Flavoparmelia","caperata","Flavoparmelia caperata"
2601,"2002_42_69_2188",2002,42,69,2188,2002,3,"42_69_2188",-75.67823,41.52211,"Flavoparmelia","caperata","Flavoparmelia caperata"
2601,"2001_42_103_1660",2001,42,103,1660,2001,3,"42_103_1660",-74.84175,41.35597,"Flavoparmelia","caperata","Flavoparmelia caperata"
2601,"2001_42_47_1607",2001,42,47,1607,2001,1,"42_47_1607",-78.47482,41.49245,"Flavoparmelia","caperata","Flavoparmelia caperata"
2601,"2003_42_35_5449",2003,42,35,5449,2003,3,"42_35_5449",-77.284947,41.129177,"Flavoparmelia","caperata","Flavoparmelia caperata"
2601,"2003_42_33_3637",2003,42,33,3637,2003,1,"42_33_3637",-78.770738,41.182619,"Flavoparmelia","caperata","Flavoparmelia caperata"
2601,"2002_42_123_2717",2002,42,123,2717,2002,2,"42_123_2717",-79.37352,41.63236,"Flavoparmelia","caperata","Flavoparmelia caperata"
2601,"2001_42_55_532",2001,42,55,532,2001,3,"42_55_532",-77.91584,39.98953,"Flavoparmelia","caperata","Flavoparmelia caperata"
2601,"2003_42_59_3895",2003,42,59,3895,2003,3,"42_59_3895",-80.48313,39.721615,"Flavoparmelia","caperata","Flavoparmelia caperata"
2601,"2002_42_41_2086",2002,42,41,2086,2002,3,"42_41_2086",-77.56269,40.16952,"Flavoparmelia","caperata","Flavoparmelia caperata"
2601,"2000_42_61_945",2000,42,61,945,2000,3,"42_61_945",-78.09453,40.44808,"Flavoparmelia","caperata","Flavoparmelia caperata"
2601,"2003_42_85_3650",2003,42,85,3650,2003,2,"42_85_3650",-80.259697,41.275344,"Flavoparmelia","caperata","Flavoparmelia caperata"
2601,"2003_42_109_4041",2003,42,109,4041,2003,2,"42_109_4041",-77.199108,40.705846,"Flavoparmelia","caperata","Flavoparmelia caperata"
2601,"2003_42_33_5479",2003,42,33,5479,2003,2,"42_33_5479",-78.247148,41.030423,"Flavoparmelia","caperata","Flavoparmelia caperata"
2601,"2002_42_79_2906",2002,42,79,2906,2002,3,"42_79_2906",-75.93652,41.06784,"Flavoparmelia","caperata","Flavoparmelia caperata"
2601,"2003_42_87_4458",2003,42,87,4458,2003,3,"42_87_4458",-77.677819,40.454439,"Flavoparmelia","caperata","Flavoparmelia caperata"
2601,"2002_42_65_2746",2002,42,65,2746,2002,3,"42_65_2746",-78.93837,41.25637,"Flavoparmelia","caperata","Flavoparmelia caperata"
2601,"2002_42_51_2763",2002,42,51,2763,2002,2,"42_51_2763",-79.3877,40.06603,"Flavoparmelia","caperata","Flavoparmelia caperata"
2601,"2002_42_19_1957",2002,42,19,1957,2002,3,"42_19_1957",-80.0093,40.69669,"Flavoparmelia","caperata","Flavoparmelia caperata"
2601,"2003_42_3_2959",2003,42,3,2959,2003,1,"42_3_2959",-80.117196,40.398578,"Flavoparmelia","caperata","Flavoparmelia caperata"
2601,"2000_42_133_974",2000,42,133,974,2000,2,"42_133_974",-76.38014,39.77032,"Flavoparmelia","caperata","Flavoparmelia caperata"
2601,"2000_42_63_736",2000,42,63,736,2000,2,"42_63_736",-79.12249,40.38274,"Flavoparmelia","caperata","Flavoparmelia caperata"
2601,"2003_42_23_4610",2003,42,23,4610,2003,3,"42_23_4610",-78.316455,41.476915,"Flavoparmelia","caperata","Flavoparmelia caperata"
2601,"2003_42_81_3290",2003,42,81,3290,2003,3,"42_81_3290",-76.791561,41.361027,"Flavoparmelia","caperata","Flavoparmelia caperata"
2601,"2003_42_19_3885",2003,42,19,3885,2003,2,"42_19_3885",-79.780415,41.098964,"Flavoparmelia","caperata","Flavoparmelia caperata"
2601,"2001_42_3_244",2001,42,3,244,2001,3,"42_3_244",-80.01108,40.64518,"Flavoparmelia","caperata","Flavoparmelia caperata"
2601,"2000_42_99_627",2000,42,99,627,2000,2,"42_99_627",-77.16405,40.57072,"Flavoparmelia","caperata","Flavoparmelia caperata"
2601,"2001_42_51_1016",2001,42,51,1016,2001,2,"42_51_1016",-79.82789,39.80492,"Flavoparmelia","caperata","Flavoparmelia caperata"
2601,"2001_42_87_1010",2001,42,87,1010,2001,4,"42_87_1010",-77.70011,40.70391,"Flavoparmelia","caperata","Flavoparmelia caperata"
2601,"2000_42_131_352",2000,42,131,352,2000,3,"42_131_352",-76.04695,41.55543,"Flavoparmelia","caperata","Flavoparmelia caperata"
2601,"2002_42_27_2236",2002,42,27,2236,2002,3,"42_27_2236",-77.875,40.9215,"Flavoparmelia","caperata","Flavoparmelia caperata"
2601,"2000_42_59_1341",2000,42,59,1341,2000,3,"42_59_1341",-79.9503,39.8598,"Flavoparmelia","caperata","Flavoparmelia caperata"
2601,"2002_42_47_2061",2002,42,47,2061,2002,3,"42_47_2061",-78.64445,41.41663,"Flavoparmelia","caperata","Flavoparmelia caperata"
2601,"2003_42_61_5832",2003,42,61,5832,2003,2,"42_61_5832",-78.112609,40.177114,"Flavoparmelia","caperata","Flavoparmelia caperata"
2601,"2003_42_33_3350",2003,42,33,3350,2003,3,"42_33_3350",-78.697546,40.758315,"Flavoparmelia","caperata","Flavoparmelia caperata"
2601,"2003_42_11_3336",2003,42,11,3336,2003,3,"42_11_3336",-76.189987,40.352168,"Flavoparmelia","caperata","Flavoparmelia caperata"
2601,"2001_42_105_1110",2001,42,105,1110,2001,2,"42_105_1110",-78.20135,41.95774,"Flavoparmelia","caperata","Flavoparmelia caperata"
2601,"2002_42_111_2122",2002,42,111,2122,2002,2,"42_111_2122",-79.03592,39.95742,"Flavoparmelia","caperata","Flavoparmelia caperata"
2601,"2002_42_105_2581",2002,42,105,2581,2002,3,"42_105_2581",-78.0758,41.72411,"Flavoparmelia","caperata","Flavoparmelia caperata"
2601,"2003_42_103_3045",2003,42,103,3045,2003,2,"42_103_3045",-75.303363,41.248086,"Flavoparmelia","caperata","Flavoparmelia caperata"
2601,"2000_42_47_384",2000,42,47,384,2000,1,"42_47_384",-78.64249,41.2789,"Flavoparmelia","caperata","Flavoparmelia caperata"
2601,"2000_42_31_1935",2000,42,31,1935,2000,3,"42_31_1935",-79.24591,41.22012,"Flavoparmelia","caperata","Flavoparmelia caperata"
2601,"2002_42_33_2538",2002,42,33,2538,2002,1,"42_33_2538",-78.55348,40.88883,"Flavoparmelia","caperata","Flavoparmelia caperata"
2601,"2002_42_7_2334",2002,42,7,2334,2002,2,"42_7_2334",-80.47152,40.66267,"Flavoparmelia","caperata","Flavoparmelia caperata"
2601,"2000_42_37_689",2000,42,37,689,2000,2,"42_37_689",-76.24565,41.08244,"Flavoparmelia","caperata","Flavoparmelia caperata"
2601,"2003_42_83_4727",2003,42,83,4727,2003,2,"42_83_4727",-78.367019,41.86466,"Flavoparmelia","caperata","Flavoparmelia caperata"
2601,"2001_42_5_246",2001,42,5,246,2001,3,"42_5_246",-79.42293,40.98614,"Flavoparmelia","caperata","Flavoparmelia caperata"
2601,"2000_42_87_1488",2000,42,87,1488,2000,3,"42_87_1488",-77.53236,40.66582,"Flavoparmelia","caperata","Flavoparmelia caperata"
2601,"2002_42_21_2171",2002,42,21,2171,2002,2,"42_21_2171",-78.50531,40.58531,"Flavoparmelia","caperata","Flavoparmelia caperata"
2601,"2003_42_15_3865",2003,42,15,3865,2003,3,"42_15_3865",-76.359675,41.599916,"Flavoparmelia","caperata","Flavoparmelia caperata"
2601,"2000_42_83_1742",2000,42,83,1742,2000,2,"42_83_1742",-78.36157,41.74188,"Flavoparmelia","caperata","Flavoparmelia caperata"
2603,"2001_42_57_1174",2001,42,57,1174,2001,3,"42_57_1174",-78.19832,39.85475,"Flavoparmelia","baltimorensis","Flavoparmelia baltimorensis"
2702,"2003_42_81_3290",2003,42,81,3290,2003,3,"42_81_3290",-76.791561,41.361027,"Flavopunctelia","flaventior","Flavopunctelia flaventior"
2702,"2003_42_125_6017",2003,42,125,6017,2003,2,"42_125_6017",-80.008361,39.996952,"Flavopunctelia","flaventior","Flavopunctelia flaventior"
2702,"2003_42_35_5585",2003,42,35,5585,2003,3,"42_35_5585",-77.810669,41.295058,"Flavopunctelia","flaventior","Flavopunctelia flaventior"
2702,"2003_42_23_4610",2003,42,23,4610,2003,3,"42_23_4610",-78.316455,41.476915,"Flavopunctelia","flaventior","Flavopunctelia flaventior"
2704,"2003_42_61_5832",2003,42,61,5832,2003,3,"42_61_5832",-78.112609,40.177114,"Flavopunctelia","soredica","Flavopunctelia soredica"
2704,"2002_42_61_2504",2002,42,61,2504,2002,3,"42_61_2504",-78.14265,40.45806,"Flavopunctelia","soredica","Flavopunctelia soredica"
2704,"2000_42_57_1244",2000,42,57,1244,2000,2,"42_57_1244",-78.10482,40.07775,"Flavopunctelia","soredica","Flavopunctelia soredica"
2804,"2002_42_127_2525",2002,42,127,2525,2002,3,"42_127_2525",-75.36266,41.98633,"Heterodermia","casarettiana","Heterodermia casarettiana"
2816,"2002_42_7_2334",2002,42,7,2334,2002,3,"42_7_2334",-80.47152,40.66267,"Heterodermia","obscurata","Heterodermia obscurata"
2822,"2002_42_117_2103",2002,42,117,2103,2002,1,"42_117_2103",-77.40225,41.78343,"Heterodermia","speciosa","Heterodermia speciosa"
2901,"2002_42_11_2310",2002,42,11,2310,2002,2,"42_11_2310",-75.80825,40.22796,"Hyperphyscia","adglutinata","Hyperphyscia adglutinata"
3100,"2003_42_57_5418",2003,42,57,5418,2003,3,"42_57_5418",-78.068499,39.765063,"Hypogymnia","","Hypogymnia"
3100,"2003_42_33_3637",2003,42,33,3637,2003,1,"42_33_3637",-78.770738,41.182619,"Hypogymnia","","Hypogymnia"
3100,"2002_42_123_2717",2002,42,123,2717,2002,3,"42_123_2717",-79.37352,41.63236,"Hypogymnia","","Hypogymnia"
3100,"2003_42_23_4610",2003,42,23,4610,2003,2,"42_23_4610",-78.316455,41.476915,"Hypogymnia","","Hypogymnia"
3116,"2002_42_113_2711",2002,42,113,2711,2002,3,"42_113_2711",-76.32124,41.50841,"Hypogymnia","physodes","Hypogymnia physodes"
3116,"2001_42_47_1607",2001,42,47,1607,2001,1,"42_47_1607",-78.47482,41.49245,"Hypogymnia","physodes","Hypogymnia physodes"
3116,"2002_42_47_2061",2002,42,47,2061,2002,2,"42_47_2061",-78.64445,41.41663,"Hypogymnia","physodes","Hypogymnia physodes"
3116,"2000_42_105_549",2000,42,105,549,2000,3,"42_105_549",-78.00457,41.83199,"Hypogymnia","physodes","Hypogymnia physodes"
3116,"2003_42_127_5039",2003,42,127,5039,2003,2,"42_127_5039",-75.344239,41.677427,"Hypogymnia","physodes","Hypogymnia physodes"
3116,"2003_42_35_5449",2003,42,35,5449,2003,2,"42_35_5449",-77.284947,41.129177,"Hypogymnia","physodes","Hypogymnia physodes"
3116,"2000_42_113_746",2000,42,113,746,2000,2,"42_113_746",-76.65626,41.43823,"Hypogymnia","physodes","Hypogymnia physodes"
3116,"2002_42_79_2906",2002,42,79,2906,2002,2,"42_79_2906",-75.93652,41.06784,"Hypogymnia","physodes","Hypogymnia physodes"
3116,"2002_42_117_2103",2002,42,117,2103,2002,1,"42_117_2103",-77.40225,41.78343,"Hypogymnia","physodes","Hypogymnia physodes"
3116,"2001_42_83_1150",2001,42,83,1150,2001,1,"42_83_1150",-78.90672,41.86883,"Hypogymnia","physodes","Hypogymnia physodes"
3116,"2003_42_33_3350",2003,42,33,3350,2003,1,"42_33_3350",-78.697546,40.758315,"Hypogymnia","physodes","Hypogymnia physodes"
3116,"2002_42_35_2330",2002,42,35,2330,2002,3,"42_35_2330",-77.65972,41.36803,"Hypogymnia","physodes","Hypogymnia physodes"
3116,"2000_42_49_927",2000,42,49,927,2000,3,"42_49_927",-79.79367,42.16271,"Hypogymnia","physodes","Hypogymnia physodes"
3116,"2003_42_35_5585",2003,42,35,5585,2003,3,"42_35_5585",-77.810669,41.295058,"Hypogymnia","physodes","Hypogymnia physodes"
3116,"2002_42_5_2625",2002,42,5,2625,2002,1,"42_5_2625",-79.55982,40.90603,"Hypogymnia","physodes","Hypogymnia physodes"
3116,"2003_42_81_3290",2003,42,81,3290,2003,3,"42_81_3290",-76.791561,41.361027,"Hypogymnia","physodes","Hypogymnia physodes"
3201,"2001_42_87_1010",2001,42,87,1010,2001,2,"42_87_1010",-77.70011,40.70391,"Hypotrachyna","croceopustulata","Hypotrachyna croceopustulata"
3218,"2003_42_109_4041",2003,42,109,4041,2003,3,"42_109_4041",-77.199108,40.705846,"Hypotrachyna","showmanii","Hypotrachyna showmanii"
3218,"2001_42_55_532",2001,42,55,532,2001,3,"42_55_532",-77.91584,39.98953,"Hypotrachyna","showmanii","Hypotrachyna showmanii"
3218,"2001_42_117_1078",2001,42,117,1078,2001,2,"42_117_1078",-77.20034,41.58583,"Hypotrachyna","showmanii","Hypotrachyna showmanii"
3218,"2001_42_121_524",2001,42,121,524,2001,3,"42_121_524",-79.78418,41.38625,"Hypotrachyna","showmanii","Hypotrachyna showmanii"
3218,"2003_42_87_4458",2003,42,87,4458,2003,3,"42_87_4458",-77.677819,40.454439,"Hypotrachyna","showmanii","Hypotrachyna showmanii"
3218,"2001_42_87_1010",2001,42,87,1010,2001,3,"42_87_1010",-77.70011,40.70391,"Hypotrachyna","showmanii","Hypotrachyna showmanii"
3301,"2002_42_79_2906",2002,42,79,2906,2002,1,"42_79_2906",-75.93652,41.06784,"Imshaugia","aleurites","Imshaugia aleurites"
3301,"2001_42_87_1010",2001,42,87,1010,2001,3,"42_87_1010",-77.70011,40.70391,"Imshaugia","aleurites","Imshaugia aleurites"
3301,"2003_42_35_5585",2003,42,35,5585,2003,3,"42_35_5585",-77.810669,41.295058,"Imshaugia","aleurites","Imshaugia aleurites"
3301,"2003_42_83_4727",2003,42,83,4727,2003,1,"42_83_4727",-78.367019,41.86466,"Imshaugia","aleurites","Imshaugia aleurites"
3301,"2003_42_87_4458",2003,42,87,4458,2003,2,"42_87_4458",-77.677819,40.454439,"Imshaugia","aleurites","Imshaugia aleurites"
3905,"2001_42_87_1010",2001,42,87,1010,2001,1,"42_87_1010",-77.70011,40.70391,"Lobaria","pulmonaria","Lobaria pulmonaria"
3906,"2001_42_87_1010",2001,42,87,1010,2001,2,"42_87_1010",-77.70011,40.70391,"Lobaria","quercizans","Lobaria quercizans"
4000,"2003_42_103_3045",2003,42,103,3045,2003,1,"42_103_3045",-75.303363,41.248086,"Melanelia","","Melanelia"
4015,"2003_42_23_4610",2003,42,23,4610,2003,3,"42_23_4610",-78.316455,41.476915,"Melanelixia","subaurifera","Melanelixia subaurifera"
4015,"2002_42_105_2581",2002,42,105,2581,2002,2,"42_105_2581",-78.0758,41.72411,"Melanelixia","subaurifera","Melanelixia subaurifera"
4015,"2002_42_117_2103",2002,42,117,2103,2002,1,"42_117_2103",-77.40225,41.78343,"Melanelixia","subaurifera","Melanelixia subaurifera"
4015,"2003_42_127_5039",2003,42,127,5039,2003,3,"42_127_5039",-75.344239,41.677427,"Melanelixia","subaurifera","Melanelixia subaurifera"
4015,"2003_42_81_3290",2003,42,81,3290,2003,2,"42_81_3290",-76.791561,41.361027,"Melanelixia","subaurifera","Melanelixia subaurifera"
4015,"2003_42_15_3865",2003,42,15,3865,2003,3,"42_15_3865",-76.359675,41.599916,"Melanelixia","subaurifera","Melanelixia subaurifera"
4015,"2000_42_31_1935",2000,42,31,1935,2000,1,"42_31_1935",-79.24591,41.22012,"Melanelixia","subaurifera","Melanelixia subaurifera"
4015,"2002_42_39_2006",2002,42,39,2006,2002,2,"42_39_2006",-79.97646,41.52876,"Melanelixia","subaurifera","Melanelixia subaurifera"
4015,"2003_42_35_5585",2003,42,35,5585,2003,3,"42_35_5585",-77.810669,41.295058,"Melanelixia","subaurifera","Melanelixia subaurifera"
4015,"2002_42_79_2906",2002,42,79,2906,2002,1,"42_79_2906",-75.93652,41.06784,"Melanelixia","subaurifera","Melanelixia subaurifera"
4015,"2003_42_117_4178",2003,42,117,4178,2003,3,"42_117_4178",-77.324833,41.562156,"Melanelixia","subaurifera","Melanelixia subaurifera"
4015,"2001_42_83_438",2001,42,83,438,2001,1,"42_83_438",-78.2116,41.68793,"Melanelixia","subaurifera","Melanelixia subaurifera"
4015,"2003_42_79_5354",2003,42,79,5354,2003,3,"42_79_5354",-75.786711,40.996646,"Melanelixia","subaurifera","Melanelixia subaurifera"
4015,"2002_42_69_2188",2002,42,69,2188,2002,2,"42_69_2188",-75.67823,41.52211,"Melanelixia","subaurifera","Melanelixia subaurifera"
4015,"2003_42_125_6017",2003,42,125,6017,2003,2,"42_125_6017",-80.008361,39.996952,"Melanelixia","subaurifera","Melanelixia subaurifera"
4015,"2000_42_81_766",2000,42,81,766,2000,2,"42_81_766",-76.62466,41.16104,"Melanelixia","subaurifera","Melanelixia subaurifera"
4015,"2002_42_65_2746",2002,42,65,2746,2002,1,"42_65_2746",-78.93837,41.25637,"Melanelixia","subaurifera","Melanelixia subaurifera"
4015,"2002_42_5_2625",2002,42,5,2625,2002,2,"42_5_2625",-79.55982,40.90603,"Melanelixia","subaurifera","Melanelixia subaurifera"
4101,"2000_42_105_472",2000,42,105,472,2000,2,"42_105_472",-77.63984,41.51313,"Menegazzia","terebrata","Menegazzia terebrata"
4200,"2002_42_7_2334",2002,42,7,2334,2002,3,"42_7_2334",-80.47152,40.66267,"Myelochroa","","Myelochroa"
4200,"2001_42_129_33",2001,42,129,33,2001,1,"42_129_33",-79.70783,40.59669,"Myelochroa","","Myelochroa"
4200,"2001_42_117_1078",2001,42,117,1078,2001,2,"42_117_1078",-77.20034,41.58583,"Myelochroa","","Myelochroa"
4201,"2002_42_61_2504",2002,42,61,2504,2002,2,"42_61_2504",-78.14265,40.45806,"Myelochroa","aurulenta","Myelochroa aurulenta"
4201,"2001_42_83_438",2001,42,83,438,2001,3,"42_83_438",-78.2116,41.68793,"Myelochroa","aurulenta","Myelochroa aurulenta"
4201,"2002_42_69_2188",2002,42,69,2188,2002,2,"42_69_2188",-75.67823,41.52211,"Myelochroa","aurulenta","Myelochroa aurulenta"
4201,"2003_42_87_4458",2003,42,87,4458,2003,3,"42_87_4458",-77.677819,40.454439,"Myelochroa","aurulenta","Myelochroa aurulenta"
4201,"2000_42_105_549",2000,42,105,549,2000,3,"42_105_549",-78.00457,41.83199,"Myelochroa","aurulenta","Myelochroa aurulenta"
4201,"2001_42_35_1930",2001,42,35,1930,2001,2,"42_35_1930",-77.4171,41.17186,"Myelochroa","aurulenta","Myelochroa aurulenta"
4201,"2001_42_61_716",2001,42,61,716,2001,3,"42_61_716",-77.74344,40.25368,"Myelochroa","aurulenta","Myelochroa aurulenta"
4201,"2003_42_35_5449",2003,42,35,5449,2003,3,"42_35_5449",-77.284947,41.129177,"Myelochroa","aurulenta","Myelochroa aurulenta"
4201,"2000_42_81_345",2000,42,81,345,2000,2,"42_81_345",-77.32979,41.41098,"Myelochroa","aurulenta","Myelochroa aurulenta"
4201,"2002_42_117_2103",2002,42,117,2103,2002,3,"42_117_2103",-77.40225,41.78343,"Myelochroa","aurulenta","Myelochroa aurulenta"
4201,"2003_42_103_3045",2003,42,103,3045,2003,2,"42_103_3045",-75.303363,41.248086,"Myelochroa","aurulenta","Myelochroa aurulenta"
4201,"2001_42_47_1607",2001,42,47,1607,2001,2,"42_47_1607",-78.47482,41.49245,"Myelochroa","aurulenta","Myelochroa aurulenta"
4201,"2001_42_39_1284",2001,42,39,1284,2001,1,"42_39_1284",-80.16224,41.48807,"Myelochroa","aurulenta","Myelochroa aurulenta"
4201,"2001_42_25_571",2001,42,25,571,2001,2,"42_25_571",-75.77375,40.87323,"Myelochroa","aurulenta","Myelochroa aurulenta"
4201,"2003_42_9_5977",2003,42,9,5977,2003,3,"42_9_5977",-78.556632,39.924869,"Myelochroa","aurulenta","Myelochroa aurulenta"
4201,"2001_42_105_1455",2001,42,105,1455,2001,2,"42_105_1455",-77.82061,41.55543,"Myelochroa","aurulenta","Myelochroa aurulenta"
4201,"2000_42_61_945",2000,42,61,945,2000,3,"42_61_945",-78.09453,40.44808,"Myelochroa","aurulenta","Myelochroa aurulenta"
4201,"2001_42_87_1010",2001,42,87,1010,2001,3,"42_87_1010",-77.70011,40.70391,"Myelochroa","aurulenta","Myelochroa aurulenta"
4201,"2001_42_43_1169",2001,42,43,1169,2001,2,"42_43_1169",-76.6666,40.39713,"Myelochroa","aurulenta","Myelochroa aurulenta"
4201,"2001_42_57_1174",2001,42,57,1174,2001,3,"42_57_1174",-78.19832,39.85475,"Myelochroa","aurulenta","Myelochroa aurulenta"
4201,"2001_42_109_1113",2001,42,109,1113,2001,3,"42_109_1113",-77.07423,40.74303,"Myelochroa","aurulenta","Myelochroa aurulenta"
4201,"2001_42_95_1273",2001,42,95,1273,2001,3,"42_95_1273",-75.11815,40.91406,"Myelochroa","aurulenta","Myelochroa aurulenta"
4201,"2002_42_41_2086",2002,42,41,2086,2002,3,"42_41_2086",-77.56269,40.16952,"Myelochroa","aurulenta","Myelochroa aurulenta"
4201,"2002_42_55_1954",2002,42,55,1954,2002,3,"42_55_1954",-77.73248,40.07539,"Myelochroa","aurulenta","Myelochroa aurulenta"
4201,"2002_42_105_2581",2002,42,105,2581,2002,3,"42_105_2581",-78.0758,41.72411,"Myelochroa","aurulenta","Myelochroa aurulenta"
4201,"2001_42_103_1660",2001,42,103,1660,2001,3,"42_103_1660",-74.84175,41.35597,"Myelochroa","aurulenta","Myelochroa aurulenta"
4201,"2002_42_51_2169",2002,42,51,2169,2002,2,"42_51_2169",-79.69227,39.88935,"Myelochroa","aurulenta","Myelochroa aurulenta"
4201,"2003_42_127_5039",2003,42,127,5039,2003,3,"42_127_5039",-75.344239,41.677427,"Myelochroa","aurulenta","Myelochroa aurulenta"
4201,"2003_42_109_4041",2003,42,109,4041,2003,3,"42_109_4041",-77.199108,40.705846,"Myelochroa","aurulenta","Myelochroa aurulenta"
4201,"2001_42_5_246",2001,42,5,246,2001,2,"42_5_246",-79.42293,40.98614,"Myelochroa","aurulenta","Myelochroa aurulenta"
4202,"2003_42_59_3895",2003,42,59,3895,2003,2,"42_59_3895",-80.48313,39.721615,"Myelochroa","galbina","Myelochroa galbina"
4204,"2001_42_87_1010",2001,42,87,1010,2001,3,"42_87_1010",-77.70011,40.70391,"Myelochroa","obsessa","Myelochroa obsessa"
4204,"2001_42_61_716",2001,42,61,716,2001,2,"42_61_716",-77.74344,40.25368,"Myelochroa","obsessa","Myelochroa obsessa"
4204,"2003_42_87_4458",2003,42,87,4458,2003,2,"42_87_4458",-77.677819,40.454439,"Myelochroa","obsessa","Myelochroa obsessa"
4551,"2002_42_129_2903",2002,42,129,2903,2002,2,"42_129_2903",-79.43012,40.34116,"Nodobryoria","abbreviata","Nodobryoria abbreviata"
4551,"2002_42_51_2169",2002,42,51,2169,2002,3,"42_51_2169",-79.69227,39.88935,"Nodobryoria","abbreviata","Nodobryoria abbreviata"
4800,"2001_42_65_417",2001,42,65,417,2001,2,"42_65_417",-79.09988,41.16612,"Parmelia","","Parmelia"
4800,"2001_42_27_1874",2001,42,27,1874,2001,2,"42_27_1874",-78.05351,40.83377,"Parmelia","","Parmelia"
4800,"2001_42_37_1492",2001,42,37,1492,2001,1,"42_37_1492",-76.39508,40.82616,"Parmelia","","Parmelia"
4800,"2003_42_43_3545",2003,42,43,3545,2003,1,"42_43_3545",-76.706968,40.505765,"Parmelia","","Parmelia"
4800,"2001_42_121_524",2001,42,121,524,2001,3,"42_121_524",-79.78418,41.38625,"Parmelia","","Parmelia"
4800,"2001_42_129_33",2001,42,129,33,2001,2,"42_129_33",-79.70783,40.59669,"Parmelia","","Parmelia"
4800,"2003_42_5_3303",2003,42,5,3303,2003,2,"42_5_3303",-79.231302,40.944683,"Parmelia","","Parmelia"
4800,"2003_42_103_3045",2003,42,103,3045,2003,2,"42_103_3045",-75.303363,41.248086,"Parmelia","","Parmelia"
4804,"2002_42_65_2746",2002,42,65,2746,2002,3,"42_65_2746",-78.93837,41.25637,"Parmelia","saxatilis","Parmelia saxatilis"
4804,"2003_42_33_3350",2003,42,33,3350,2003,1,"42_33_3350",-78.697546,40.758315,"Parmelia","saxatilis","Parmelia saxatilis"
4805,"2000_42_123_37",2000,42,123,37,2000,2,"42_123_37",-79.05187,41.65914,"Parmelia","squarrosa","Parmelia squarrosa"
4805,"2001_42_47_1607",2001,42,47,1607,2001,2,"42_47_1607",-78.47482,41.49245,"Parmelia","squarrosa","Parmelia squarrosa"
4805,"2000_42_47_384",2000,42,47,384,2000,2,"42_47_384",-78.64249,41.2789,"Parmelia","squarrosa","Parmelia squarrosa"
4805,"2001_42_83_1150",2001,42,83,1150,2001,3,"42_83_1150",-78.90672,41.86883,"Parmelia","squarrosa","Parmelia squarrosa"
4805,"2003_42_127_5039",2003,42,127,5039,2003,2,"42_127_5039",-75.344239,41.677427,"Parmelia","squarrosa","Parmelia squarrosa"
4805,"2003_42_81_3290",2003,42,81,3290,2003,3,"42_81_3290",-76.791561,41.361027,"Parmelia","squarrosa","Parmelia squarrosa"
4805,"2001_42_87_1010",2001,42,87,1010,2001,3,"42_87_1010",-77.70011,40.70391,"Parmelia","squarrosa","Parmelia squarrosa"
4805,"2002_42_123_2717",2002,42,123,2717,2002,3,"42_123_2717",-79.37352,41.63236,"Parmelia","squarrosa","Parmelia squarrosa"
4805,"2003_42_35_5449",2003,42,35,5449,2003,3,"42_35_5449",-77.284947,41.129177,"Parmelia","squarrosa","Parmelia squarrosa"
4806,"2000_42_105_472",2000,42,105,472,2000,4,"42_105_472",-77.63984,41.51313,"Parmelia","sulcata","Parmelia sulcata"
4806,"2003_42_87_4458",2003,42,87,4458,2003,3,"42_87_4458",-77.677819,40.454439,"Parmelia","sulcata","Parmelia sulcata"
4806,"2003_42_15_3865",2003,42,15,3865,2003,3,"42_15_3865",-76.359675,41.599916,"Parmelia","sulcata","Parmelia sulcata"
4806,"2002_42_105_2581",2002,42,105,2581,2002,3,"42_105_2581",-78.0758,41.72411,"Parmelia","sulcata","Parmelia sulcata"
4806,"2002_42_123_2717",2002,42,123,2717,2002,3,"42_123_2717",-79.37352,41.63236,"Parmelia","sulcata","Parmelia sulcata"
4806,"2002_42_79_2906",2002,42,79,2906,2002,1,"42_79_2906",-75.93652,41.06784,"Parmelia","sulcata","Parmelia sulcata"
4806,"2000_42_47_384",2000,42,47,384,2000,3,"42_47_384",-78.64249,41.2789,"Parmelia","sulcata","Parmelia sulcata"
4806,"2002_42_125_2160",2002,42,125,2160,2002,2,"42_125_2160",-80.42745,40.39269,"Parmelia","sulcata","Parmelia sulcata"
4806,"2002_42_51_2169",2002,42,51,2169,2002,3,"42_51_2169",-79.69227,39.88935,"Parmelia","sulcata","Parmelia sulcata"
4806,"2002_42_65_2746",2002,42,65,2746,2002,3,"42_65_2746",-78.93837,41.25637,"Parmelia","sulcata","Parmelia sulcata"
4806,"2000_42_105_549",2000,42,105,549,2000,3,"42_105_549",-78.00457,41.83199,"Parmelia","sulcata","Parmelia sulcata"
4806,"2002_42_27_2422",2002,42,27,2422,2002,3,"42_27_2422",-77.27127,40.99691,"Parmelia","sulcata","Parmelia sulcata"
4806,"2000_42_37_689",2000,42,37,689,2000,3,"42_37_689",-76.24565,41.08244,"Parmelia","sulcata","Parmelia sulcata"
4806,"2001_42_25_571",2001,42,25,571,2001,2,"42_25_571",-75.77375,40.87323,"Parmelia","sulcata","Parmelia sulcata"
4806,"2003_42_19_3885",2003,42,19,3885,2003,2,"42_19_3885",-79.780415,41.098964,"Parmelia","sulcata","Parmelia sulcata"
4806,"2002_42_5_2625",2002,42,5,2625,2002,3,"42_5_2625",-79.55982,40.90603,"Parmelia","sulcata","Parmelia sulcata"
4806,"2000_42_113_746",2000,42,113,746,2000,3,"42_113_746",-76.65626,41.43823,"Parmelia","sulcata","Parmelia sulcata"
4806,"2003_42_35_5449",2003,42,35,5449,2003,3,"42_35_5449",-77.284947,41.129177,"Parmelia","sulcata","Parmelia sulcata"
4806,"2003_42_83_4727",2003,42,83,4727,2003,2,"42_83_4727",-78.367019,41.86466,"Parmelia","sulcata","Parmelia sulcata"
4806,"2000_42_15_1918",2000,42,15,1918,2000,1,"42_15_1918",-76.34663,41.89816,"Parmelia","sulcata","Parmelia sulcata"
4806,"2002_42_129_2903",2002,42,129,2903,2002,2,"42_129_2903",-79.43012,40.34116,"Parmelia","sulcata","Parmelia sulcata"
4806,"2001_42_129_1739",2001,42,129,1739,2001,1,"42_129_1739",-79.22762,40.14009,"Parmelia","sulcata","Parmelia sulcata"
4806,"2002_42_113_2711",2002,42,113,2711,2002,2,"42_113_2711",-76.32124,41.50841,"Parmelia","sulcata","Parmelia sulcata"
4806,"2000_42_125_1159",2000,42,125,1159,2000,1,"42_125_1159",-80.15276,40.19994,"Parmelia","sulcata","Parmelia sulcata"
4806,"2001_42_123_492",2001,42,123,492,2001,3,"42_123_492",-79.57168,41.84829,"Parmelia","sulcata","Parmelia sulcata"
4806,"2002_42_15_2727",2002,42,15,2727,2002,2,"42_15_2727",-76.68594,41.58944,"Parmelia","sulcata","Parmelia sulcata"
4806,"2001_42_127_826",2001,42,127,826,2001,2,"42_127_826",-75.21091,41.77505,"Parmelia","sulcata","Parmelia sulcata"
4806,"2002_42_69_2188",2002,42,69,2188,2002,3,"42_69_2188",-75.67823,41.52211,"Parmelia","sulcata","Parmelia sulcata"
4806,"2000_42_131_352",2000,42,131,352,2000,3,"42_131_352",-76.04695,41.55543,"Parmelia","sulcata","Parmelia sulcata"
4806,"2002_42_19_1957",2002,42,19,1957,2002,3,"42_19_1957",-80.0093,40.69669,"Parmelia","sulcata","Parmelia sulcata"
4806,"2001_42_79_725",2001,42,79,725,2001,2,"42_79_725",-76.09362,40.98995,"Parmelia","sulcata","Parmelia sulcata"
4806,"2001_42_83_438",2001,42,83,438,2001,3,"42_83_438",-78.2116,41.68793,"Parmelia","sulcata","Parmelia sulcata"
4806,"2003_42_35_5585",2003,42,35,5585,2003,3,"42_35_5585",-77.810669,41.295058,"Parmelia","sulcata","Parmelia sulcata"
4806,"2003_42_33_3350",2003,42,33,3350,2003,3,"42_33_3350",-78.697546,40.758315,"Parmelia","sulcata","Parmelia sulcata"
4806,"2000_42_49_927",2000,42,49,927,2000,3,"42_49_927",-79.79367,42.16271,"Parmelia","sulcata","Parmelia sulcata"
4806,"2002_42_21_2171",2002,42,21,2171,2002,3,"42_21_2171",-78.50531,40.58531,"Parmelia","sulcata","Parmelia sulcata"
4806,"2001_42_3_244",2001,42,3,244,2001,3,"42_3_244",-80.01108,40.64518,"Parmelia","sulcata","Parmelia sulcata"
4806,"2000_42_27_854",2000,42,27,854,2000,3,"42_27_854",-77.56483,40.93963,"Parmelia","sulcata","Parmelia sulcata"
4806,"2002_42_7_2334",2002,42,7,2334,2002,2,"42_7_2334",-80.47152,40.66267,"Parmelia","sulcata","Parmelia sulcata"
4806,"2000_42_31_1935",2000,42,31,1935,2000,3,"42_31_1935",-79.24591,41.22012,"Parmelia","sulcata","Parmelia sulcata"
4806,"2001_42_13_1619",2001,42,13,1619,2001,2,"42_13_1619",-78.3638,40.6645,"Parmelia","sulcata","Parmelia sulcata"
4806,"2001_42_83_1150",2001,42,83,1150,2001,3,"42_83_1150",-78.90672,41.86883,"Parmelia","sulcata","Parmelia sulcata"
4806,"2000_42_63_736",2000,42,63,736,2000,1,"42_63_736",-79.12249,40.38274,"Parmelia","sulcata","Parmelia sulcata"
4806,"2003_42_121_5557",2003,42,121,5557,2003,2,"42_121_5557",-79.849722,41.528285,"Parmelia","sulcata","Parmelia sulcata"
4806,"2002_42_51_2763",2002,42,51,2763,2002,2,"42_51_2763",-79.3877,40.06603,"Parmelia","sulcata","Parmelia sulcata"
4806,"2003_42_117_4178",2003,42,117,4178,2003,3,"42_117_4178",-77.324833,41.562156,"Parmelia","sulcata","Parmelia sulcata"
4806,"2001_42_47_1607",2001,42,47,1607,2001,3,"42_47_1607",-78.47482,41.49245,"Parmelia","sulcata","Parmelia sulcata"
4806,"2003_42_59_3895",2003,42,59,3895,2003,3,"42_59_3895",-80.48313,39.721615,"Parmelia","sulcata","Parmelia sulcata"
4806,"2001_42_87_1010",2001,42,87,1010,2001,3,"42_87_1010",-77.70011,40.70391,"Parmelia","sulcata","Parmelia sulcata"
4806,"2000_42_35_1651",2000,42,35,1651,2000,3,"42_35_1651",-77.98376,41.33881,"Parmelia","sulcata","Parmelia sulcata"
4806,"2003_42_125_6017",2003,42,125,6017,2003,3,"42_125_6017",-80.008361,39.996952,"Parmelia","sulcata","Parmelia sulcata"
4806,"2002_42_35_2330",2002,42,35,2330,2002,3,"42_35_2330",-77.65972,41.36803,"Parmelia","sulcata","Parmelia sulcata"
4806,"2002_42_83_2213",2002,42,83,2213,2002,2,"42_83_2213",-78.68337,41.70452,"Parmelia","sulcata","Parmelia sulcata"
4806,"2000_42_81_766",2000,42,81,766,2000,2,"42_81_766",-76.62466,41.16104,"Parmelia","sulcata","Parmelia sulcata"
4806,"2002_42_33_2538",2002,42,33,2538,2002,2,"42_33_2538",-78.55348,40.88883,"Parmelia","sulcata","Parmelia sulcata"
4806,"2003_42_81_3290",2003,42,81,3290,2003,3,"42_81_3290",-76.791561,41.361027,"Parmelia","sulcata","Parmelia sulcata"
4806,"2003_42_111_3060",2003,42,111,3060,2003,3,"42_111_3060",-79.075114,40.078382,"Parmelia","sulcata","Parmelia sulcata"
4806,"2001_42_39_1284",2001,42,39,1284,2001,3,"42_39_1284",-80.16224,41.48807,"Parmelia","sulcata","Parmelia sulcata"
4806,"2003_42_85_3650",2003,42,85,3650,2003,3,"42_85_3650",-80.259697,41.275344,"Parmelia","sulcata","Parmelia sulcata"
4806,"2001_42_33_765",2001,42,33,765,2001,3,"42_33_765",-78.78031,41.05183,"Parmelia","sulcata","Parmelia sulcata"
4806,"2001_42_5_246",2001,42,5,246,2001,3,"42_5_246",-79.42293,40.98614,"Parmelia","sulcata","Parmelia sulcata"
4806,"2000_42_57_1244",2000,42,57,1244,2000,3,"42_57_1244",-78.10482,40.07775,"Parmelia","sulcata","Parmelia sulcata"
4806,"2002_42_117_2103",2002,42,117,2103,2002,2,"42_117_2103",-77.40225,41.78343,"Parmelia","sulcata","Parmelia sulcata"
4806,"2003_42_23_4610",2003,42,23,4610,2003,3,"42_23_4610",-78.316455,41.476915,"Parmelia","sulcata","Parmelia sulcata"
4806,"2002_42_47_2061",2002,42,47,2061,2002,2,"42_47_2061",-78.64445,41.41663,"Parmelia","sulcata","Parmelia sulcata"
4806,"2003_42_33_3637",2003,42,33,3637,2003,3,"42_33_3637",-78.770738,41.182619,"Parmelia","sulcata","Parmelia sulcata"
4806,"2003_42_127_5039",2003,42,127,5039,2003,3,"42_127_5039",-75.344239,41.677427,"Parmelia","sulcata","Parmelia sulcata"
4806,"2003_42_33_5479",2003,42,33,5479,2003,3,"42_33_5479",-78.247148,41.030423,"Parmelia","sulcata","Parmelia sulcata"
4806,"2003_42_5_5244",2003,42,5,5244,2003,3,"42_5_5244",-79.676381,40.694649,"Parmelia","sulcata","Parmelia sulcata"
4806,"2000_42_61_945",2000,42,61,945,2000,2,"42_61_945",-78.09453,40.44808,"Parmelia","sulcata","Parmelia sulcata"
4806,"2003_42_61_5832",2003,42,61,5832,2003,3,"42_61_5832",-78.112609,40.177114,"Parmelia","sulcata","Parmelia sulcata"
4806,"2002_42_27_2236",2002,42,27,2236,2002,3,"42_27_2236",-77.875,40.9215,"Parmelia","sulcata","Parmelia sulcata"
5101,"2003_42_79_5354",2003,42,79,5354,2003,2,"42_79_5354",-75.786711,40.996646,"Parmelinopsis","horrescens","Hypotrachyna horrescens"
5202,"2003_42_33_5479",2003,42,33,5479,2003,1,"42_33_5479",-78.247148,41.030423,"Parmeliopsis","hyperopta","Parmeliopsis hyperopta"
5300,"2001_42_121_524",2001,42,121,524,2001,1,"42_121_524",-79.78418,41.38625,"Parmotrema","","Parmotrema"
5300,"2000_42_63_736",2000,42,63,736,2000,1,"42_63_736",-79.12249,40.38274,"Parmotrema","","Parmotrema"
5300,"2003_42_121_5557",2003,42,121,5557,2003,2,"42_121_5557",-79.849722,41.528285,"Parmotrema","","Parmotrema"
5300,"2003_42_125_6017",2003,42,125,6017,2003,2,"42_125_6017",-80.008361,39.996952,"Parmotrema","","Parmotrema"
5303,"2003_42_11_3336",2003,42,11,3336,2003,2,"42_11_3336",-76.189987,40.352168,"Parmotrema","chinense","Parmotrema perlatum"
5303,"2003_42_33_3637",2003,42,33,3637,2003,2,"42_33_3637",-78.770738,41.182619,"Parmotrema","chinense","Parmotrema perlatum"
5314,"2002_42_65_2746",2002,42,65,2746,2002,1,"42_65_2746",-78.93837,41.25637,"Parmotrema","hypotropum","Parmotrema hypotropum"
5314,"2002_42_19_1957",2002,42,19,1957,2002,3,"42_19_1957",-80.0093,40.69669,"Parmotrema","hypotropum","Parmotrema hypotropum"
5314,"2002_42_5_2625",2002,42,5,2625,2002,1,"42_5_2625",-79.55982,40.90603,"Parmotrema","hypotropum","Parmotrema hypotropum"
5314,"2003_42_33_3350",2003,42,33,3350,2003,2,"42_33_3350",-78.697546,40.758315,"Parmotrema","hypotropum","Parmotrema hypotropum"
5314,"2002_42_107_2090",2002,42,107,2090,2002,2,"42_107_2090",-76.21895,40.61765,"Parmotrema","hypotropum","Parmotrema hypotropum"
5329,"2003_42_11_3336",2003,42,11,3336,2003,3,"42_11_3336",-76.189987,40.352168,"Parmotrema","stuppeum","Parmotrema stuppeum"
5601,"2001_42_95_1273",2001,42,95,1273,2001,1,"42_95_1273",-75.11815,40.91406,"Phaeophyscia","adiastola","Phaeophyscia adiastola"
5601,"2001_42_99_148",2001,42,99,148,2001,3,"42_99_148",-77.31817,40.33733,"Phaeophyscia","adiastola","Phaeophyscia adiastola"
5613,"2001_42_57_1174",2001,42,57,1174,2001,3,"42_57_1174",-78.19832,39.85475,"Phaeophyscia","pusilloides","Phaeophyscia pusilloides"
5613,"2000_42_57_1244",2000,42,57,1244,2000,3,"42_57_1244",-78.10482,40.07775,"Phaeophyscia","pusilloides","Phaeophyscia pusilloides"
5613,"2003_42_19_3885",2003,42,19,3885,2003,3,"42_19_3885",-79.780415,41.098964,"Phaeophyscia","pusilloides","Phaeophyscia pusilloides"
5613,"2003_42_3_2959",2003,42,3,2959,2003,3,"42_3_2959",-80.117196,40.398578,"Phaeophyscia","pusilloides","Phaeophyscia pusilloides"
5613,"2001_42_29_448",2001,42,29,448,2001,3,"42_29_448",-75.6301,40.01467,"Phaeophyscia","pusilloides","Phaeophyscia pusilloides"
5613,"2003_42_55_3151",2003,42,55,3151,2003,3,"42_55_3151",-77.574928,40.010362,"Phaeophyscia","pusilloides","Phaeophyscia pusilloides"
5613,"2002_42_5_2625",2002,42,5,2625,2002,3,"42_5_2625",-79.55982,40.90603,"Phaeophyscia","pusilloides","Phaeophyscia pusilloides"
5613,"2000_42_105_472",2000,42,105,472,2000,1,"42_105_472",-77.63984,41.51313,"Phaeophyscia","pusilloides","Phaeophyscia pusilloides"
5613,"2002_42_41_2086",2002,42,41,2086,2002,3,"42_41_2086",-77.56269,40.16952,"Phaeophyscia","pusilloides","Phaeophyscia pusilloides"
5613,"2001_42_105_1455",2001,42,105,1455,2001,3,"42_105_1455",-77.82061,41.55543,"Phaeophyscia","pusilloides","Phaeophyscia pusilloides"
5613,"2002_42_69_2188",2002,42,69,2188,2002,3,"42_69_2188",-75.67823,41.52211,"Phaeophyscia","pusilloides","Phaeophyscia pusilloides"
5613,"2001_42_61_716",2001,42,61,716,2001,3,"42_61_716",-77.74344,40.25368,"Phaeophyscia","pusilloides","Phaeophyscia pusilloides"
5613,"2003_42_15_3865",2003,42,15,3865,2003,3,"42_15_3865",-76.359675,41.599916,"Phaeophyscia","pusilloides","Phaeophyscia pusilloides"
5613,"2001_42_99_148",2001,42,99,148,2001,3,"42_99_148",-77.31817,40.33733,"Phaeophyscia","pusilloides","Phaeophyscia pusilloides"
5613,"2001_42_27_1874",2001,42,27,1874,2001,2,"42_27_1874",-78.05351,40.83377,"Phaeophyscia","pusilloides","Phaeophyscia pusilloides"
5613,"2002_42_69_2128",2002,42,69,2128,2002,2,"42_69_2128",-75.64292,41.23891,"Phaeophyscia","pusilloides","Phaeophyscia pusilloides"
5613,"2001_42_39_1284",2001,42,39,1284,2001,2,"42_39_1284",-80.16224,41.48807,"Phaeophyscia","pusilloides","Phaeophyscia pusilloides"
5613,"2001_42_105_1110",2001,42,105,1110,2001,1,"42_105_1110",-78.20135,41.95774,"Phaeophyscia","pusilloides","Phaeophyscia pusilloides"
5613,"2003_42_109_4041",2003,42,109,4041,2003,3,"42_109_4041",-77.199108,40.705846,"Phaeophyscia","pusilloides","Phaeophyscia pusilloides"
5613,"2002_42_113_2711",2002,42,113,2711,2002,3,"42_113_2711",-76.32124,41.50841,"Phaeophyscia","pusilloides","Phaeophyscia pusilloides"
5613,"2001_42_35_1930",2001,42,35,1930,2001,2,"42_35_1930",-77.4171,41.17186,"Phaeophyscia","pusilloides","Phaeophyscia pusilloides"
5613,"2003_42_5_5244",2003,42,5,5244,2003,2,"42_5_5244",-79.676381,40.694649,"Phaeophyscia","pusilloides","Phaeophyscia pusilloides"
5613,"2003_42_103_3045",2003,42,103,3045,2003,3,"42_103_3045",-75.303363,41.248086,"Phaeophyscia","pusilloides","Phaeophyscia pusilloides"
5613,"2002_42_117_2103",2002,42,117,2103,2002,3,"42_117_2103",-77.40225,41.78343,"Phaeophyscia","pusilloides","Phaeophyscia pusilloides"
5613,"2002_42_39_2047",2002,42,39,2047,2002,3,"42_39_2047",-79.7007,41.74596,"Phaeophyscia","pusilloides","Phaeophyscia pusilloides"
5614,"2001_42_117_1078",2001,42,117,1078,2001,3,"42_117_1078",-77.20034,41.58583,"Phaeophyscia","rubropulchra","Phaeophyscia rubropulchra"
5614,"2000_42_105_472",2000,42,105,472,2000,3,"42_105_472",-77.63984,41.51313,"Phaeophyscia","rubropulchra","Phaeophyscia rubropulchra"
5614,"2003_42_117_4178",2003,42,117,4178,2003,2,"42_117_4178",-77.324833,41.562156,"Phaeophyscia","rubropulchra","Phaeophyscia rubropulchra"
5614,"2003_42_57_5418",2003,42,57,5418,2003,3,"42_57_5418",-78.068499,39.765063,"Phaeophyscia","rubropulchra","Phaeophyscia rubropulchra"
5614,"2001_42_39_1284",2001,42,39,1284,2001,3,"42_39_1284",-80.16224,41.48807,"Phaeophyscia","rubropulchra","Phaeophyscia rubropulchra"
5614,"2001_42_27_1485",2001,42,27,1485,2001,2,"42_27_1485",-78.0777,41.11538,"Phaeophyscia","rubropulchra","Phaeophyscia rubropulchra"
5614,"2003_42_5_5244",2003,42,5,5244,2003,3,"42_5_5244",-79.676381,40.694649,"Phaeophyscia","rubropulchra","Phaeophyscia rubropulchra"
5614,"2001_42_57_1174",2001,42,57,1174,2001,3,"42_57_1174",-78.19832,39.85475,"Phaeophyscia","rubropulchra","Phaeophyscia rubropulchra"
5614,"2002_42_83_2213",2002,42,83,2213,2002,3,"42_83_2213",-78.68337,41.70452,"Phaeophyscia","rubropulchra","Phaeophyscia rubropulchra"
5614,"2001_42_123_492",2001,42,123,492,2001,3,"42_123_492",-79.57168,41.84829,"Phaeophyscia","rubropulchra","Phaeophyscia rubropulchra"
5614,"2002_42_61_2504",2002,42,61,2504,2002,2,"42_61_2504",-78.14265,40.45806,"Phaeophyscia","rubropulchra","Phaeophyscia rubropulchra"
5614,"2003_42_81_3290",2003,42,81,3290,2003,3,"42_81_3290",-76.791561,41.361027,"Phaeophyscia","rubropulchra","Phaeophyscia rubropulchra"
5614,"2002_42_27_2236",2002,42,27,2236,2002,3,"42_27_2236",-77.875,40.9215,"Phaeophyscia","rubropulchra","Phaeophyscia rubropulchra"
5614,"2002_42_129_2903",2002,42,129,2903,2002,3,"42_129_2903",-79.43012,40.34116,"Phaeophyscia","rubropulchra","Phaeophyscia rubropulchra"
5614,"2002_42_55_1954",2002,42,55,1954,2002,2,"42_55_1954",-77.73248,40.07539,"Phaeophyscia","rubropulchra","Phaeophyscia rubropulchra"
5614,"2003_42_15_3865",2003,42,15,3865,2003,3,"42_15_3865",-76.359675,41.599916,"Phaeophyscia","rubropulchra","Phaeophyscia rubropulchra"
5614,"2000_42_57_1244",2000,42,57,1244,2000,2,"42_57_1244",-78.10482,40.07775,"Phaeophyscia","rubropulchra","Phaeophyscia rubropulchra"
5614,"2002_42_41_2086",2002,42,41,2086,2002,2,"42_41_2086",-77.56269,40.16952,"Phaeophyscia","rubropulchra","Phaeophyscia rubropulchra"
5614,"2003_42_121_5557",2003,42,121,5557,2003,3,"42_121_5557",-79.849722,41.528285,"Phaeophyscia","rubropulchra","Phaeophyscia rubropulchra"
5614,"2000_42_125_1159",2000,42,125,1159,2000,2,"42_125_1159",-80.15276,40.19994,"Phaeophyscia","rubropulchra","Phaeophyscia rubropulchra"
5614,"2002_42_39_2006",2002,42,39,2006,2002,2,"42_39_2006",-79.97646,41.52876,"Phaeophyscia","rubropulchra","Phaeophyscia rubropulchra"
5614,"2003_42_79_5354",2003,42,79,5354,2003,3,"42_79_5354",-75.786711,40.996646,"Phaeophyscia","rubropulchra","Phaeophyscia rubropulchra"
5614,"2002_42_5_2625",2002,42,5,2625,2002,3,"42_5_2625",-79.55982,40.90603,"Phaeophyscia","rubropulchra","Phaeophyscia rubropulchra"
5614,"2001_42_127_826",2001,42,127,826,2001,3,"42_127_826",-75.21091,41.77505,"Phaeophyscia","rubropulchra","Phaeophyscia rubropulchra"
5614,"2002_42_111_2122",2002,42,111,2122,2002,3,"42_111_2122",-79.03592,39.95742,"Phaeophyscia","rubropulchra","Phaeophyscia rubropulchra"
5614,"2000_42_63_736",2000,42,63,736,2000,1,"42_63_736",-79.12249,40.38274,"Phaeophyscia","rubropulchra","Phaeophyscia rubropulchra"
5614,"2001_42_87_1010",2001,42,87,1010,2001,3,"42_87_1010",-77.70011,40.70391,"Phaeophyscia","rubropulchra","Phaeophyscia rubropulchra"
5614,"2003_42_11_3336",2003,42,11,3336,2003,3,"42_11_3336",-76.189987,40.352168,"Phaeophyscia","rubropulchra","Phaeophyscia rubropulchra"
5614,"2003_42_61_5832",2003,42,61,5832,2003,3,"42_61_5832",-78.112609,40.177114,"Phaeophyscia","rubropulchra","Phaeophyscia rubropulchra"
5614,"2001_42_95_1273",2001,42,95,1273,2001,3,"42_95_1273",-75.11815,40.91406,"Phaeophyscia","rubropulchra","Phaeophyscia rubropulchra"
5614,"2001_42_103_1660",2001,42,103,1660,2001,3,"42_103_1660",-74.84175,41.35597,"Phaeophyscia","rubropulchra","Phaeophyscia rubropulchra"
5614,"2002_42_113_2711",2002,42,113,2711,2002,2,"42_113_2711",-76.32124,41.50841,"Phaeophyscia","rubropulchra","Phaeophyscia rubropulchra"
5614,"2002_42_65_2746",2002,42,65,2746,2002,3,"42_65_2746",-78.93837,41.25637,"Phaeophyscia","rubropulchra","Phaeophyscia rubropulchra"
5614,"2001_42_61_716",2001,42,61,716,2001,3,"42_61_716",-77.74344,40.25368,"Phaeophyscia","rubropulchra","Phaeophyscia rubropulchra"
5614,"2000_42_123_37",2000,42,123,37,2000,1,"42_123_37",-79.05187,41.65914,"Phaeophyscia","rubropulchra","Phaeophyscia rubropulchra"
5614,"2003_42_83_3075",2003,42,83,3075,2003,2,"42_83_3075",-78.856085,41.628,"Phaeophyscia","rubropulchra","Phaeophyscia rubropulchra"
5614,"2002_42_105_2581",2002,42,105,2581,2002,3,"42_105_2581",-78.0758,41.72411,"Phaeophyscia","rubropulchra","Phaeophyscia rubropulchra"
5614,"2003_42_51_4906",2003,42,51,4906,2003,2,"42_51_4906",-79.531009,39.827534,"Phaeophyscia","rubropulchra","Phaeophyscia rubropulchra"
5614,"2003_42_33_5479",2003,42,33,5479,2003,2,"42_33_5479",-78.247148,41.030423,"Phaeophyscia","rubropulchra","Phaeophyscia rubropulchra"
5614,"2003_42_35_5585",2003,42,35,5585,2003,3,"42_35_5585",-77.810669,41.295058,"Phaeophyscia","rubropulchra","Phaeophyscia rubropulchra"
5614,"2003_42_5_3303",2003,42,5,3303,2003,3,"42_5_3303",-79.231302,40.944683,"Phaeophyscia","rubropulchra","Phaeophyscia rubropulchra"
5614,"2002_42_7_2334",2002,42,7,2334,2002,3,"42_7_2334",-80.47152,40.66267,"Phaeophyscia","rubropulchra","Phaeophyscia rubropulchra"
5614,"2003_42_55_3151",2003,42,55,3151,2003,3,"42_55_3151",-77.574928,40.010362,"Phaeophyscia","rubropulchra","Phaeophyscia rubropulchra"
5614,"2002_42_33_2538",2002,42,33,2538,2002,3,"42_33_2538",-78.55348,40.88883,"Phaeophyscia","rubropulchra","Phaeophyscia rubropulchra"
5614,"2001_42_83_438",2001,42,83,438,2001,3,"42_83_438",-78.2116,41.68793,"Phaeophyscia","rubropulchra","Phaeophyscia rubropulchra"
5614,"2001_42_29_448",2001,42,29,448,2001,3,"42_29_448",-75.6301,40.01467,"Phaeophyscia","rubropulchra","Phaeophyscia rubropulchra"
5614,"2001_42_33_765",2001,42,33,765,2001,2,"42_33_765",-78.78031,41.05183,"Phaeophyscia","rubropulchra","Phaeophyscia rubropulchra"
5614,"2003_42_59_3895",2003,42,59,3895,2003,3,"42_59_3895",-80.48313,39.721615,"Phaeophyscia","rubropulchra","Phaeophyscia rubropulchra"
5614,"2001_42_83_1150",2001,42,83,1150,2001,3,"42_83_1150",-78.90672,41.86883,"Phaeophyscia","rubropulchra","Phaeophyscia rubropulchra"
5614,"2001_42_99_148",2001,42,99,148,2001,3,"42_99_148",-77.31817,40.33733,"Phaeophyscia","rubropulchra","Phaeophyscia rubropulchra"
5614,"2002_42_11_2310",2002,42,11,2310,2002,3,"42_11_2310",-75.80825,40.22796,"Phaeophyscia","rubropulchra","Phaeophyscia rubropulchra"
5614,"2003_42_109_4041",2003,42,109,4041,2003,3,"42_109_4041",-77.199108,40.705846,"Phaeophyscia","rubropulchra","Phaeophyscia rubropulchra"
5614,"2001_42_15_1429",2001,42,15,1429,2001,2,"42_15_1429",-76.52004,41.68525,"Phaeophyscia","rubropulchra","Phaeophyscia rubropulchra"
5614,"2001_42_121_524",2001,42,121,524,2001,3,"42_121_524",-79.78418,41.38625,"Phaeophyscia","rubropulchra","Phaeophyscia rubropulchra"
5614,"2002_42_117_2103",2002,42,117,2103,2002,3,"42_117_2103",-77.40225,41.78343,"Phaeophyscia","rubropulchra","Phaeophyscia rubropulchra"
5614,"2002_42_69_2128",2002,42,69,2128,2002,2,"42_69_2128",-75.64292,41.23891,"Phaeophyscia","rubropulchra","Phaeophyscia rubropulchra"
5614,"2002_42_69_2188",2002,42,69,2188,2002,3,"42_69_2188",-75.67823,41.52211,"Phaeophyscia","rubropulchra","Phaeophyscia rubropulchra"
5614,"2001_42_27_1874",2001,42,27,1874,2001,3,"42_27_1874",-78.05351,40.83377,"Phaeophyscia","rubropulchra","Phaeophyscia rubropulchra"
5614,"2003_42_35_5449",2003,42,35,5449,2003,3,"42_35_5449",-77.284947,41.129177,"Phaeophyscia","rubropulchra","Phaeophyscia rubropulchra"
5614,"2001_42_105_1110",2001,42,105,1110,2001,2,"42_105_1110",-78.20135,41.95774,"Phaeophyscia","rubropulchra","Phaeophyscia rubropulchra"
5614,"2003_42_103_3045",2003,42,103,3045,2003,3,"42_103_3045",-75.303363,41.248086,"Phaeophyscia","rubropulchra","Phaeophyscia rubropulchra"
5614,"2002_42_127_2525",2002,42,127,2525,2002,3,"42_127_2525",-75.36266,41.98633,"Phaeophyscia","rubropulchra","Phaeophyscia rubropulchra"
5614,"2001_42_25_571",2001,42,25,571,2001,3,"42_25_571",-75.77375,40.87323,"Phaeophyscia","rubropulchra","Phaeophyscia rubropulchra"
5614,"2001_42_105_1455",2001,42,105,1455,2001,3,"42_105_1455",-77.82061,41.55543,"Phaeophyscia","rubropulchra","Phaeophyscia rubropulchra"
5614,"2002_42_15_2727",2002,42,15,2727,2002,3,"42_15_2727",-76.68594,41.58944,"Phaeophyscia","rubropulchra","Phaeophyscia rubropulchra"
5614,"2003_42_23_4610",2003,42,23,4610,2003,2,"42_23_4610",-78.316455,41.476915,"Phaeophyscia","rubropulchra","Phaeophyscia rubropulchra"
5614,"2001_42_79_725",2001,42,79,725,2001,3,"42_79_725",-76.09362,40.98995,"Phaeophyscia","rubropulchra","Phaeophyscia rubropulchra"
5614,"2003_42_83_4727",2003,42,83,4727,2003,3,"42_83_4727",-78.367019,41.86466,"Phaeophyscia","rubropulchra","Phaeophyscia rubropulchra"
5614,"2003_42_127_5039",2003,42,127,5039,2003,3,"42_127_5039",-75.344239,41.677427,"Phaeophyscia","rubropulchra","Phaeophyscia rubropulchra"
5614,"2003_42_9_5977",2003,42,9,5977,2003,3,"42_9_5977",-78.556632,39.924869,"Phaeophyscia","rubropulchra","Phaeophyscia rubropulchra"
5614,"2002_42_51_2169",2002,42,51,2169,2002,3,"42_51_2169",-79.69227,39.88935,"Phaeophyscia","rubropulchra","Phaeophyscia rubropulchra"
5614,"2000_42_61_945",2000,42,61,945,2000,1,"42_61_945",-78.09453,40.44808,"Phaeophyscia","rubropulchra","Phaeophyscia rubropulchra"
5700,"2002_42_83_2213",2002,42,83,2213,2002,1,"42_83_2213",-78.68337,41.70452,"Physcia","","Physcia"
5701,"2002_42_69_2188",2002,42,69,2188,2002,2,"42_69_2188",-75.67823,41.52211,"Physcia","adscendens","Physcia adscendens"
5702,"2002_42_5_2625",2002,42,5,2625,2002,1,"42_5_2625",-79.55982,40.90603,"Physcia","aipolia","Physcia aipolia"
5704,"2003_42_109_4041",2003,42,109,4041,2003,3,"42_109_4041",-77.199108,40.705846,"Physcia","americana","Physcia americana"
5716,"2002_42_41_2086",2002,42,41,2086,2002,3,"42_41_2086",-77.56269,40.16952,"Physcia","millegrana","Physcia millegrana"
5716,"2000_42_105_472",2000,42,105,472,2000,1,"42_105_472",-77.63984,41.51313,"Physcia","millegrana","Physcia millegrana"
5716,"2000_42_61_945",2000,42,61,945,2000,3,"42_61_945",-78.09453,40.44808,"Physcia","millegrana","Physcia millegrana"
5716,"2002_42_27_2236",2002,42,27,2236,2002,3,"42_27_2236",-77.875,40.9215,"Physcia","millegrana","Physcia millegrana"
5716,"2003_42_103_3045",2003,42,103,3045,2003,3,"42_103_3045",-75.303363,41.248086,"Physcia","millegrana","Physcia millegrana"
5716,"2002_42_125_2160",2002,42,125,2160,2002,3,"42_125_2160",-80.42745,40.39269,"Physcia","millegrana","Physcia millegrana"
5716,"2001_42_5_246",2001,42,5,246,2001,3,"42_5_246",-79.42293,40.98614,"Physcia","millegrana","Physcia millegrana"
5716,"2003_42_19_3885",2003,42,19,3885,2003,2,"42_19_3885",-79.780415,41.098964,"Physcia","millegrana","Physcia millegrana"
5716,"2001_42_37_1492",2001,42,37,1492,2001,3,"42_37_1492",-76.39508,40.82616,"Physcia","millegrana","Physcia millegrana"
5716,"2001_42_55_532",2001,42,55,532,2001,3,"42_55_532",-77.91584,39.98953,"Physcia","millegrana","Physcia millegrana"
5716,"2001_42_15_1429",2001,42,15,1429,2001,3,"42_15_1429",-76.52004,41.68525,"Physcia","millegrana","Physcia millegrana"
5716,"2001_42_57_1174",2001,42,57,1174,2001,3,"42_57_1174",-78.19832,39.85475,"Physcia","millegrana","Physcia millegrana"
5716,"2001_42_105_1455",2001,42,105,1455,2001,3,"42_105_1455",-77.82061,41.55543,"Physcia","millegrana","Physcia millegrana"
5716,"2003_42_81_3290",2003,42,81,3290,2003,3,"42_81_3290",-76.791561,41.361027,"Physcia","millegrana","Physcia millegrana"
5716,"2002_42_21_2171",2002,42,21,2171,2002,3,"42_21_2171",-78.50531,40.58531,"Physcia","millegrana","Physcia millegrana"
5716,"2003_42_59_3895",2003,42,59,3895,2003,3,"42_59_3895",-80.48313,39.721615,"Physcia","millegrana","Physcia millegrana"
5716,"2002_42_127_2525",2002,42,127,2525,2002,3,"42_127_2525",-75.36266,41.98633,"Physcia","millegrana","Physcia millegrana"
5716,"2001_42_29_448",2001,42,29,448,2001,3,"42_29_448",-75.6301,40.01467,"Physcia","millegrana","Physcia millegrana"
5716,"2002_42_39_2047",2002,42,39,2047,2002,2,"42_39_2047",-79.7007,41.74596,"Physcia","millegrana","Physcia millegrana"
5716,"2000_42_47_384",2000,42,47,384,2000,2,"42_47_384",-78.64249,41.2789,"Physcia","millegrana","Physcia millegrana"
5716,"2002_42_105_2581",2002,42,105,2581,2002,3,"42_105_2581",-78.0758,41.72411,"Physcia","millegrana","Physcia millegrana"
5716,"2001_42_83_438",2001,42,83,438,2001,2,"42_83_438",-78.2116,41.68793,"Physcia","millegrana","Physcia millegrana"
5716,"2003_42_85_3650",2003,42,85,3650,2003,2,"42_85_3650",-80.259697,41.275344,"Physcia","millegrana","Physcia millegrana"
5716,"2002_42_27_2422",2002,42,27,2422,2002,2,"42_27_2422",-77.27127,40.99691,"Physcia","millegrana","Physcia millegrana"
5716,"2001_42_103_1660",2001,42,103,1660,2001,2,"42_103_1660",-74.84175,41.35597,"Physcia","millegrana","Physcia millegrana"
5716,"2001_42_95_1273",2001,42,95,1273,2001,2,"42_95_1273",-75.11815,40.91406,"Physcia","millegrana","Physcia millegrana"
5716,"2003_42_121_5557",2003,42,121,5557,2003,3,"42_121_5557",-79.849722,41.528285,"Physcia","millegrana","Physcia millegrana"
5716,"2002_42_65_2746",2002,42,65,2746,2002,3,"42_65_2746",-78.93837,41.25637,"Physcia","millegrana","Physcia millegrana"
5716,"2000_42_131_352",2000,42,131,352,2000,2,"42_131_352",-76.04695,41.55543,"Physcia","millegrana","Physcia millegrana"
5716,"2003_42_83_4727",2003,42,83,4727,2003,2,"42_83_4727",-78.367019,41.86466,"Physcia","millegrana","Physcia millegrana"
5716,"2003_42_87_4458",2003,42,87,4458,2003,3,"42_87_4458",-77.677819,40.454439,"Physcia","millegrana","Physcia millegrana"
5716,"2002_42_47_2061",2002,42,47,2061,2002,3,"42_47_2061",-78.64445,41.41663,"Physcia","millegrana","Physcia millegrana"
5716,"2001_42_65_417",2001,42,65,417,2001,2,"42_65_417",-79.09988,41.16612,"Physcia","millegrana","Physcia millegrana"
5716,"2001_42_33_765",2001,42,33,765,2001,3,"42_33_765",-78.78031,41.05183,"Physcia","millegrana","Physcia millegrana"
5716,"2001_42_109_1113",2001,42,109,1113,2001,2,"42_109_1113",-77.07423,40.74303,"Physcia","millegrana","Physcia millegrana"
5716,"2001_42_35_1930",2001,42,35,1930,2001,2,"42_35_1930",-77.4171,41.17186,"Physcia","millegrana","Physcia millegrana"
5716,"2000_42_125_1159",2000,42,125,1159,2000,4,"42_125_1159",-80.15276,40.19994,"Physcia","millegrana","Physcia millegrana"
5716,"2002_42_117_2103",2002,42,117,2103,2002,3,"42_117_2103",-77.40225,41.78343,"Physcia","millegrana","Physcia millegrana"
5716,"2003_42_79_5354",2003,42,79,5354,2003,3,"42_79_5354",-75.786711,40.996646,"Physcia","millegrana","Physcia millegrana"
5716,"2000_42_27_854",2000,42,27,854,2000,3,"42_27_854",-77.56483,40.93963,"Physcia","millegrana","Physcia millegrana"
5716,"2001_42_61_716",2001,42,61,716,2001,3,"42_61_716",-77.74344,40.25368,"Physcia","millegrana","Physcia millegrana"
5716,"2001_42_99_148",2001,42,99,148,2001,3,"42_99_148",-77.31817,40.33733,"Physcia","millegrana","Physcia millegrana"
5716,"2002_42_39_2006",2002,42,39,2006,2002,3,"42_39_2006",-79.97646,41.52876,"Physcia","millegrana","Physcia millegrana"
5716,"2003_42_33_5479",2003,42,33,5479,2003,1,"42_33_5479",-78.247148,41.030423,"Physcia","millegrana","Physcia millegrana"
5716,"2003_42_61_5832",2003,42,61,5832,2003,3,"42_61_5832",-78.112609,40.177114,"Physcia","millegrana","Physcia millegrana"
5716,"2002_42_7_2334",2002,42,7,2334,2002,3,"42_7_2334",-80.47152,40.66267,"Physcia","millegrana","Physcia millegrana"
5716,"2000_42_83_1742",2000,42,83,1742,2000,1,"42_83_1742",-78.36157,41.74188,"Physcia","millegrana","Physcia millegrana"
5716,"2000_42_87_1488",2000,42,87,1488,2000,2,"42_87_1488",-77.53236,40.66582,"Physcia","millegrana","Physcia millegrana"
5716,"2000_42_31_1935",2000,42,31,1935,2000,2,"42_31_1935",-79.24591,41.22012,"Physcia","millegrana","Physcia millegrana"
5716,"2001_42_79_725",2001,42,79,725,2001,2,"42_79_725",-76.09362,40.98995,"Physcia","millegrana","Physcia millegrana"
5716,"2000_42_63_736",2000,42,63,736,2000,3,"42_63_736",-79.12249,40.38274,"Physcia","millegrana","Physcia millegrana"
5716,"2001_42_129_1739",2001,42,129,1739,2001,2,"42_129_1739",-79.22762,40.14009,"Physcia","millegrana","Physcia millegrana"
5716,"2001_42_117_1078",2001,42,117,1078,2001,3,"42_117_1078",-77.20034,41.58583,"Physcia","millegrana","Physcia millegrana"
5716,"2001_42_43_1169",2001,42,43,1169,2001,3,"42_43_1169",-76.6666,40.39713,"Physcia","millegrana","Physcia millegrana"
5716,"2002_42_19_1957",2002,42,19,1957,2002,3,"42_19_1957",-80.0093,40.69669,"Physcia","millegrana","Physcia millegrana"
5716,"2001_42_129_33",2001,42,129,33,2001,3,"42_129_33",-79.70783,40.59669,"Physcia","millegrana","Physcia millegrana"
5716,"2003_42_57_5418",2003,42,57,5418,2003,3,"42_57_5418",-78.068499,39.765063,"Physcia","millegrana","Physcia millegrana"
5716,"2003_42_111_3060",2003,42,111,3060,2003,3,"42_111_3060",-79.075114,40.078382,"Physcia","millegrana","Physcia millegrana"
5716,"2001_42_25_571",2001,42,25,571,2001,2,"42_25_571",-75.77375,40.87323,"Physcia","millegrana","Physcia millegrana"
5716,"2002_42_79_2906",2002,42,79,2906,2002,3,"42_79_2906",-75.93652,41.06784,"Physcia","millegrana","Physcia millegrana"
5716,"2000_42_59_1341",2000,42,59,1341,2000,2,"42_59_1341",-79.9503,39.8598,"Physcia","millegrana","Physcia millegrana"
5716,"2002_42_11_2310",2002,42,11,2310,2002,3,"42_11_2310",-75.80825,40.22796,"Physcia","millegrana","Physcia millegrana"
5716,"2001_42_121_524",2001,42,121,524,2001,3,"42_121_524",-79.78418,41.38625,"Physcia","millegrana","Physcia millegrana"
5716,"2003_42_55_3151",2003,42,55,3151,2003,3,"42_55_3151",-77.574928,40.010362,"Physcia","millegrana","Physcia millegrana"
5716,"2002_42_69_2128",2002,42,69,2128,2002,3,"42_69_2128",-75.64292,41.23891,"Physcia","millegrana","Physcia millegrana"
5716,"2003_42_127_5039",2003,42,127,5039,2003,3,"42_127_5039",-75.344239,41.677427,"Physcia","millegrana","Physcia millegrana"
5716,"2002_42_113_2711",2002,42,113,2711,2002,1,"42_113_2711",-76.32124,41.50841,"Physcia","millegrana","Physcia millegrana"
5716,"2002_42_33_2538",2002,42,33,2538,2002,3,"42_33_2538",-78.55348,40.88883,"Physcia","millegrana","Physcia millegrana"
5716,"2003_42_9_5977",2003,42,9,5977,2003,3,"42_9_5977",-78.556632,39.924869,"Physcia","millegrana","Physcia millegrana"
5716,"2003_42_15_3865",2003,42,15,3865,2003,3,"42_15_3865",-76.359675,41.599916,"Physcia","millegrana","Physcia millegrana"
5716,"2003_42_3_2959",2003,42,3,2959,2003,3,"42_3_2959",-80.117196,40.398578,"Physcia","millegrana","Physcia millegrana"
5716,"2002_42_15_2727",2002,42,15,2727,2002,2,"42_15_2727",-76.68594,41.58944,"Physcia","millegrana","Physcia millegrana"
5716,"2003_42_35_5585",2003,42,35,5585,2003,3,"42_35_5585",-77.810669,41.295058,"Physcia","millegrana","Physcia millegrana"
5716,"2003_42_43_3545",2003,42,43,3545,2003,3,"42_43_3545",-76.706968,40.505765,"Physcia","millegrana","Physcia millegrana"
5716,"2002_42_69_2188",2002,42,69,2188,2002,3,"42_69_2188",-75.67823,41.52211,"Physcia","millegrana","Physcia millegrana"
5716,"2001_42_3_244",2001,42,3,244,2001,3,"42_3_244",-80.01108,40.64518,"Physcia","millegrana","Physcia millegrana"
5716,"2002_42_35_2330",2002,42,35,2330,2002,2,"42_35_2330",-77.65972,41.36803,"Physcia","millegrana","Physcia millegrana"
5716,"2001_42_105_1110",2001,42,105,1110,2001,3,"42_105_1110",-78.20135,41.95774,"Physcia","millegrana","Physcia millegrana"
5716,"2002_42_129_2903",2002,42,129,2903,2002,3,"42_129_2903",-79.43012,40.34116,"Physcia","millegrana","Physcia millegrana"
5716,"2003_42_125_6017",2003,42,125,6017,2003,3,"42_125_6017",-80.008361,39.996952,"Physcia","millegrana","Physcia millegrana"
5716,"2003_42_5_5244",2003,42,5,5244,2003,3,"42_5_5244",-79.676381,40.694649,"Physcia","millegrana","Physcia millegrana"
5716,"2002_42_61_2504",2002,42,61,2504,2002,2,"42_61_2504",-78.14265,40.45806,"Physcia","millegrana","Physcia millegrana"
5716,"2000_42_57_1244",2000,42,57,1244,2000,2,"42_57_1244",-78.10482,40.07775,"Physcia","millegrana","Physcia millegrana"
5716,"2001_42_51_1016",2001,42,51,1016,2001,2,"42_51_1016",-79.82789,39.80492,"Physcia","millegrana","Physcia millegrana"
5716,"2001_42_87_1010",2001,42,87,1010,2001,3,"42_87_1010",-77.70011,40.70391,"Physcia","millegrana","Physcia millegrana"
5716,"2003_42_33_3350",2003,42,33,3350,2003,3,"42_33_3350",-78.697546,40.758315,"Physcia","millegrana","Physcia millegrana"
5716,"2003_42_5_3303",2003,42,5,3303,2003,3,"42_5_3303",-79.231302,40.944683,"Physcia","millegrana","Physcia millegrana"
5716,"2002_42_55_1954",2002,42,55,1954,2002,3,"42_55_1954",-77.73248,40.07539,"Physcia","millegrana","Physcia millegrana"
5716,"2003_42_35_5449",2003,42,35,5449,2003,3,"42_35_5449",-77.284947,41.129177,"Physcia","millegrana","Physcia millegrana"
5716,"2001_42_27_1874",2001,42,27,1874,2001,3,"42_27_1874",-78.05351,40.83377,"Physcia","millegrana","Physcia millegrana"
5716,"2001_42_123_492",2001,42,123,492,2001,3,"42_123_492",-79.57168,41.84829,"Physcia","millegrana","Physcia millegrana"
5716,"2001_42_83_1150",2001,42,83,1150,2001,3,"42_83_1150",-78.90672,41.86883,"Physcia","millegrana","Physcia millegrana"
5716,"2002_42_107_2090",2002,42,107,2090,2002,3,"42_107_2090",-76.21895,40.61765,"Physcia","millegrana","Physcia millegrana"
5716,"2002_42_51_2169",2002,42,51,2169,2002,3,"42_51_2169",-79.69227,39.88935,"Physcia","millegrana","Physcia millegrana"
5716,"2001_42_39_1284",2001,42,39,1284,2001,3,"42_39_1284",-80.16224,41.48807,"Physcia","millegrana","Physcia millegrana"
5723,"2001_42_27_1874",2001,42,27,1874,2001,3,"42_27_1874",-78.05351,40.83377,"Physcia","stellaris","Physcia stellaris"
5723,"2002_42_125_2160",2002,42,125,2160,2002,3,"42_125_2160",-80.42745,40.39269,"Physcia","stellaris","Physcia stellaris"
5723,"2001_42_87_1010",2001,42,87,1010,2001,3,"42_87_1010",-77.70011,40.70391,"Physcia","stellaris","Physcia stellaris"
5723,"2002_42_27_2236",2002,42,27,2236,2002,2,"42_27_2236",-77.875,40.9215,"Physcia","stellaris","Physcia stellaris"
5723,"2003_42_15_3865",2003,42,15,3865,2003,3,"42_15_3865",-76.359675,41.599916,"Physcia","stellaris","Physcia stellaris"
5723,"2000_42_57_1244",2000,42,57,1244,2000,1,"42_57_1244",-78.10482,40.07775,"Physcia","stellaris","Physcia stellaris"
5723,"2000_42_105_472",2000,42,105,472,2000,1,"42_105_472",-77.63984,41.51313,"Physcia","stellaris","Physcia stellaris"
5723,"2003_42_81_3290",2003,42,81,3290,2003,1,"42_81_3290",-76.791561,41.361027,"Physcia","stellaris","Physcia stellaris"
5723,"2003_42_19_3885",2003,42,19,3885,2003,2,"42_19_3885",-79.780415,41.098964,"Physcia","stellaris","Physcia stellaris"
5723,"2002_42_55_1954",2002,42,55,1954,2002,1,"42_55_1954",-77.73248,40.07539,"Physcia","stellaris","Physcia stellaris"
5723,"2003_42_87_4458",2003,42,87,4458,2003,2,"42_87_4458",-77.677819,40.454439,"Physcia","stellaris","Physcia stellaris"
5723,"2000_42_81_345",2000,42,81,345,2000,3,"42_81_345",-77.32979,41.41098,"Physcia","stellaris","Physcia stellaris"
5723,"2003_42_9_5977",2003,42,9,5977,2003,2,"42_9_5977",-78.556632,39.924869,"Physcia","stellaris","Physcia stellaris"
5801,"2003_42_55_3151",2003,42,55,3151,2003,3,"42_55_3151",-77.574928,40.010362,"Physciella","chloantha","Physciella chloantha"
5801,"2001_42_57_1174",2001,42,57,1174,2001,2,"42_57_1174",-78.19832,39.85475,"Physciella","chloantha","Physciella chloantha"
5801,"2003_42_19_3885",2003,42,19,3885,2003,2,"42_19_3885",-79.780415,41.098964,"Physciella","chloantha","Physciella chloantha"
5901,"2001_42_105_1455",2001,42,105,1455,2001,2,"42_105_1455",-77.82061,41.55543,"Physconia","detersa","Physconia detersa"
5901,"2003_42_83_4727",2003,42,83,4727,2003,2,"42_83_4727",-78.367019,41.86466,"Physconia","detersa","Physconia detersa"
5901,"2003_42_127_5039",2003,42,127,5039,2003,3,"42_127_5039",-75.344239,41.677427,"Physconia","detersa","Physconia detersa"
5901,"2002_42_41_2086",2002,42,41,2086,2002,2,"42_41_2086",-77.56269,40.16952,"Physconia","detersa","Physconia detersa"
6302,"2002_42_35_2330",2002,42,35,2330,2002,3,"42_35_2330",-77.65972,41.36803,"Pseudevernia","consocians","Pseudevernia consocians"
6700,"2003_42_83_3075",2003,42,83,3075,2003,2,"42_83_3075",-78.856085,41.628,"Punctelia","","Punctelia"
6700,"2003_42_85_3650",2003,42,85,3650,2003,2,"42_85_3650",-80.259697,41.275344,"Punctelia","","Punctelia"
6700,"2001_42_47_1607",2001,42,47,1607,2001,2,"42_47_1607",-78.47482,41.49245,"Punctelia","","Punctelia"
6700,"2003_42_43_3545",2003,42,43,3545,2003,2,"42_43_3545",-76.706968,40.505765,"Punctelia","","Punctelia"
6700,"2003_42_121_5557",2003,42,121,5557,2003,2,"42_121_5557",-79.849722,41.528285,"Punctelia","","Punctelia"
6700,"2003_42_5_3303",2003,42,5,3303,2003,3,"42_5_3303",-79.231302,40.944683,"Punctelia","","Punctelia"
6700,"2003_42_9_5977",2003,42,9,5977,2003,2,"42_9_5977",-78.556632,39.924869,"Punctelia","","Punctelia"
6700,"2003_42_19_3885",2003,42,19,3885,2003,1,"42_19_3885",-79.780415,41.098964,"Punctelia","","Punctelia"
6705,"2003_42_109_4041",2003,42,109,4041,2003,3,"42_109_4041",-77.199108,40.705846,"Punctelia","missouriensis","Punctelia missouriensis"
6705,"2000_42_81_345",2000,42,81,345,2000,3,"42_81_345",-77.32979,41.41098,"Punctelia","missouriensis","Punctelia missouriensis"
6705,"2003_42_61_5832",2003,42,61,5832,2003,3,"42_61_5832",-78.112609,40.177114,"Punctelia","missouriensis","Punctelia missouriensis"
6705,"2003_42_125_6017",2003,42,125,6017,2003,2,"42_125_6017",-80.008361,39.996952,"Punctelia","missouriensis","Punctelia missouriensis"
6706,"2000_42_113_746",2000,42,113,746,2000,3,"42_113_746",-76.65626,41.43823,"Punctelia","perreticulata","Punctelia perreticulata"
6706,"2003_42_81_3290",2003,42,81,3290,2003,3,"42_81_3290",-76.791561,41.361027,"Punctelia","perreticulata","Punctelia perreticulata"
6706,"2001_42_27_1485",2001,42,27,1485,2001,1,"42_27_1485",-78.0777,41.11538,"Punctelia","perreticulata","Punctelia perreticulata"
6706,"2002_42_27_2236",2002,42,27,2236,2002,3,"42_27_2236",-77.875,40.9215,"Punctelia","perreticulata","Punctelia perreticulata"
6706,"2001_42_127_826",2001,42,127,826,2001,2,"42_127_826",-75.21091,41.77505,"Punctelia","perreticulata","Punctelia perreticulata"
6706,"2001_42_5_246",2001,42,5,246,2001,3,"42_5_246",-79.42293,40.98614,"Punctelia","perreticulata","Punctelia perreticulata"
6706,"2003_42_111_3060",2003,42,111,3060,2003,3,"42_111_3060",-79.075114,40.078382,"Punctelia","perreticulata","Punctelia perreticulata"
6706,"2003_42_61_5832",2003,42,61,5832,2003,3,"42_61_5832",-78.112609,40.177114,"Punctelia","perreticulata","Punctelia perreticulata"
6706,"2002_42_11_2310",2002,42,11,2310,2002,1,"42_11_2310",-75.80825,40.22796,"Punctelia","perreticulata","Punctelia perreticulata"
6706,"2000_42_47_384",2000,42,47,384,2000,2,"42_47_384",-78.64249,41.2789,"Punctelia","perreticulata","Punctelia perreticulata"
6706,"2001_42_9_529",2001,42,9,529,2001,3,"42_9_529",-78.63931,40.23931,"Punctelia","perreticulata","Punctelia perreticulata"
6706,"2000_42_31_1935",2000,42,31,1935,2000,2,"42_31_1935",-79.24591,41.22012,"Punctelia","perreticulata","Punctelia perreticulata"
6706,"2001_42_79_725",2001,42,79,725,2001,2,"42_79_725",-76.09362,40.98995,"Punctelia","perreticulata","Punctelia perreticulata"
6706,"2003_42_87_4458",2003,42,87,4458,2003,3,"42_87_4458",-77.677819,40.454439,"Punctelia","perreticulata","Punctelia perreticulata"
6706,"2000_42_105_472",2000,42,105,472,2000,2,"42_105_472",-77.63984,41.51313,"Punctelia","perreticulata","Punctelia perreticulata"
6706,"2002_42_125_2160",2002,42,125,2160,2002,2,"42_125_2160",-80.42745,40.39269,"Punctelia","perreticulata","Punctelia perreticulata"
6706,"2000_42_61_945",2000,42,61,945,2000,3,"42_61_945",-78.09453,40.44808,"Punctelia","perreticulata","Punctelia perreticulata"
6706,"2000_42_35_1651",2000,42,35,1651,2000,3,"42_35_1651",-77.98376,41.33881,"Punctelia","perreticulata","Punctelia perreticulata"
6706,"2000_42_57_1244",2000,42,57,1244,2000,3,"42_57_1244",-78.10482,40.07775,"Punctelia","perreticulata","Punctelia perreticulata"
6706,"2003_42_33_5479",2003,42,33,5479,2003,3,"42_33_5479",-78.247148,41.030423,"Punctelia","perreticulata","Punctelia perreticulata"
6706,"2001_42_55_532",2001,42,55,532,2001,3,"42_55_532",-77.91584,39.98953,"Punctelia","perreticulata","Punctelia perreticulata"
6706,"2002_42_33_2538",2002,42,33,2538,2002,1,"42_33_2538",-78.55348,40.88883,"Punctelia","perreticulata","Punctelia perreticulata"
6706,"2002_42_79_2906",2002,42,79,2906,2002,3,"42_79_2906",-75.93652,41.06784,"Punctelia","perreticulata","Punctelia perreticulata"
6706,"2001_42_33_765",2001,42,33,765,2001,3,"42_33_765",-78.78031,41.05183,"Punctelia","perreticulata","Punctelia perreticulata"
6706,"2003_42_127_5039",2003,42,127,5039,2003,3,"42_127_5039",-75.344239,41.677427,"Punctelia","perreticulata","Punctelia perreticulata"
6706,"2002_42_51_2763",2002,42,51,2763,2002,3,"42_51_2763",-79.3877,40.06603,"Punctelia","perreticulata","Punctelia perreticulata"
6706,"2002_42_21_2171",2002,42,21,2171,2002,2,"42_21_2171",-78.50531,40.58531,"Punctelia","perreticulata","Punctelia perreticulata"
6706,"2003_42_33_3350",2003,42,33,3350,2003,3,"42_33_3350",-78.697546,40.758315,"Punctelia","perreticulata","Punctelia perreticulata"
6706,"2003_42_33_3637",2003,42,33,3637,2003,2,"42_33_3637",-78.770738,41.182619,"Punctelia","perreticulata","Punctelia perreticulata"
6706,"2001_42_57_1174",2001,42,57,1174,2001,3,"42_57_1174",-78.19832,39.85475,"Punctelia","perreticulata","Punctelia perreticulata"
6706,"2001_42_13_1619",2001,42,13,1619,2001,2,"42_13_1619",-78.3638,40.6645,"Punctelia","perreticulata","Punctelia perreticulata"
6706,"2002_42_7_2334",2002,42,7,2334,2002,2,"42_7_2334",-80.47152,40.66267,"Punctelia","perreticulata","Punctelia perreticulata"
6706,"2002_42_19_1957",2002,42,19,1957,2002,1,"42_19_1957",-80.0093,40.69669,"Punctelia","perreticulata","Punctelia perreticulata"
6706,"2003_42_109_4041",2003,42,109,4041,2003,3,"42_109_4041",-77.199108,40.705846,"Punctelia","perreticulata","Punctelia perreticulata"
6706,"2001_42_109_1113",2001,42,109,1113,2001,2,"42_109_1113",-77.07423,40.74303,"Punctelia","perreticulata","Punctelia perreticulata"
6706,"2000_42_59_1341",2000,42,59,1341,2000,2,"42_59_1341",-79.9503,39.8598,"Punctelia","perreticulata","Punctelia perreticulata"
6706,"2003_42_79_5354",2003,42,79,5354,2003,3,"42_79_5354",-75.786711,40.996646,"Punctelia","perreticulata","Punctelia perreticulata"
6706,"2000_42_99_627",2000,42,99,627,2000,2,"42_99_627",-77.16405,40.57072,"Punctelia","perreticulata","Punctelia perreticulata"
6706,"2003_42_35_5449",2003,42,35,5449,2003,3,"42_35_5449",-77.284947,41.129177,"Punctelia","perreticulata","Punctelia perreticulata"
6706,"2002_42_69_2128",2002,42,69,2128,2002,2,"42_69_2128",-75.64292,41.23891,"Punctelia","perreticulata","Punctelia perreticulata"
6706,"2003_42_5_5244",2003,42,5,5244,2003,3,"42_5_5244",-79.676381,40.694649,"Punctelia","perreticulata","Punctelia perreticulata"
6706,"2001_42_25_571",2001,42,25,571,2001,2,"42_25_571",-75.77375,40.87323,"Punctelia","perreticulata","Punctelia perreticulata"
6706,"2001_42_87_1010",2001,42,87,1010,2001,3,"42_87_1010",-77.70011,40.70391,"Punctelia","perreticulata","Punctelia perreticulata"
6706,"2000_42_37_689",2000,42,37,689,2000,3,"42_37_689",-76.24565,41.08244,"Punctelia","perreticulata","Punctelia perreticulata"
6706,"2003_42_35_5585",2003,42,35,5585,2003,3,"42_35_5585",-77.810669,41.295058,"Punctelia","perreticulata","Punctelia perreticulata"
6706,"2003_42_11_3336",2003,42,11,3336,2003,3,"42_11_3336",-76.189987,40.352168,"Punctelia","perreticulata","Punctelia perreticulata"
6706,"2000_42_63_736",2000,42,63,736,2000,3,"42_63_736",-79.12249,40.38274,"Punctelia","perreticulata","Punctelia perreticulata"
6706,"2002_42_129_2903",2002,42,129,2903,2002,3,"42_129_2903",-79.43012,40.34116,"Punctelia","perreticulata","Punctelia perreticulata"
6706,"2001_42_103_1660",2001,42,103,1660,2001,2,"42_103_1660",-74.84175,41.35597,"Punctelia","perreticulata","Punctelia perreticulata"
6706,"2002_42_113_2711",2002,42,113,2711,2002,2,"42_113_2711",-76.32124,41.50841,"Punctelia","perreticulata","Punctelia perreticulata"
6706,"2003_42_57_5418",2003,42,57,5418,2003,3,"42_57_5418",-78.068499,39.765063,"Punctelia","perreticulata","Punctelia perreticulata"
6706,"2001_42_51_1016",2001,42,51,1016,2001,3,"42_51_1016",-79.82789,39.80492,"Punctelia","perreticulata","Punctelia perreticulata"
6706,"2003_42_23_4610",2003,42,23,4610,2003,3,"42_23_4610",-78.316455,41.476915,"Punctelia","perreticulata","Punctelia perreticulata"
6706,"2001_42_121_524",2001,42,121,524,2001,3,"42_121_524",-79.78418,41.38625,"Punctelia","perreticulata","Punctelia perreticulata"
6706,"2001_42_3_244",2001,42,3,244,2001,3,"42_3_244",-80.01108,40.64518,"Punctelia","perreticulata","Punctelia perreticulata"
6706,"2002_42_35_2330",2002,42,35,2330,2002,2,"42_35_2330",-77.65972,41.36803,"Punctelia","perreticulata","Punctelia perreticulata"
6706,"2002_42_51_2169",2002,42,51,2169,2002,3,"42_51_2169",-79.69227,39.88935,"Punctelia","perreticulata","Punctelia perreticulata"
6706,"2003_42_59_3895",2003,42,59,3895,2003,3,"42_59_3895",-80.48313,39.721615,"Punctelia","perreticulata","Punctelia perreticulata"
6706,"2002_42_5_2625",2002,42,5,2625,2002,3,"42_5_2625",-79.55982,40.90603,"Punctelia","perreticulata","Punctelia perreticulata"
6708,"2001_42_55_532",2001,42,55,532,2001,3,"42_55_532",-77.91584,39.98953,"Punctelia","rudecta","Punctelia rudecta"
6708,"2002_42_47_2061",2002,42,47,2061,2002,2,"42_47_2061",-78.64445,41.41663,"Punctelia","rudecta","Punctelia rudecta"
6708,"2001_42_109_1113",2001,42,109,1113,2001,2,"42_109_1113",-77.07423,40.74303,"Punctelia","rudecta","Punctelia rudecta"
6708,"2003_42_87_4458",2003,42,87,4458,2003,3,"42_87_4458",-77.677819,40.454439,"Punctelia","rudecta","Punctelia rudecta"
6708,"2001_42_127_826",2001,42,127,826,2001,2,"42_127_826",-75.21091,41.77505,"Punctelia","rudecta","Punctelia rudecta"
6708,"2001_42_35_1930",2001,42,35,1930,2001,2,"42_35_1930",-77.4171,41.17186,"Punctelia","rudecta","Punctelia rudecta"
6708,"2002_42_21_2171",2002,42,21,2171,2002,3,"42_21_2171",-78.50531,40.58531,"Punctelia","rudecta","Punctelia rudecta"
6708,"2002_42_69_2188",2002,42,69,2188,2002,3,"42_69_2188",-75.67823,41.52211,"Punctelia","rudecta","Punctelia rudecta"
6708,"2001_42_57_1174",2001,42,57,1174,2001,3,"42_57_1174",-78.19832,39.85475,"Punctelia","rudecta","Punctelia rudecta"
6708,"2000_42_113_746",2000,42,113,746,2000,3,"42_113_746",-76.65626,41.43823,"Punctelia","rudecta","Punctelia rudecta"
6708,"2002_42_27_2236",2002,42,27,2236,2002,3,"42_27_2236",-77.875,40.9215,"Punctelia","rudecta","Punctelia rudecta"
6708,"2000_42_87_1488",2000,42,87,1488,2000,3,"42_87_1488",-77.53236,40.66582,"Punctelia","rudecta","Punctelia rudecta"
6708,"2001_42_15_1429",2001,42,15,1429,2001,3,"42_15_1429",-76.52004,41.68525,"Punctelia","rudecta","Punctelia rudecta"
6708,"2002_42_61_2504",2002,42,61,2504,2002,2,"42_61_2504",-78.14265,40.45806,"Punctelia","rudecta","Punctelia rudecta"
6708,"2000_42_133_974",2000,42,133,974,2000,2,"42_133_974",-76.38014,39.77032,"Punctelia","rudecta","Punctelia rudecta"
6708,"2003_42_117_4178",2003,42,117,4178,2003,3,"42_117_4178",-77.324833,41.562156,"Punctelia","rudecta","Punctelia rudecta"
6708,"2002_42_27_2422",2002,42,27,2422,2002,2,"42_27_2422",-77.27127,40.99691,"Punctelia","rudecta","Punctelia rudecta"
6708,"2003_42_103_3045",2003,42,103,3045,2003,2,"42_103_3045",-75.303363,41.248086,"Punctelia","rudecta","Punctelia rudecta"
6708,"2001_42_29_448",2001,42,29,448,2001,1,"42_29_448",-75.6301,40.01467,"Punctelia","rudecta","Punctelia rudecta"
6708,"2001_42_87_1010",2001,42,87,1010,2001,4,"42_87_1010",-77.70011,40.70391,"Punctelia","rudecta","Punctelia rudecta"
6708,"2002_42_51_2763",2002,42,51,2763,2002,2,"42_51_2763",-79.3877,40.06603,"Punctelia","rudecta","Punctelia rudecta"
6708,"2000_42_31_1935",2000,42,31,1935,2000,1,"42_31_1935",-79.24591,41.22012,"Punctelia","rudecta","Punctelia rudecta"
6708,"2001_42_99_148",2001,42,99,148,2001,3,"42_99_148",-77.31817,40.33733,"Punctelia","rudecta","Punctelia rudecta"
6708,"2003_42_61_5832",2003,42,61,5832,2003,3,"42_61_5832",-78.112609,40.177114,"Punctelia","rudecta","Punctelia rudecta"
6708,"2002_42_35_2330",2002,42,35,2330,2002,2,"42_35_2330",-77.65972,41.36803,"Punctelia","rudecta","Punctelia rudecta"
6708,"2001_42_117_1078",2001,42,117,1078,2001,2,"42_117_1078",-77.20034,41.58583,"Punctelia","rudecta","Punctelia rudecta"
6708,"2001_42_37_1492",2001,42,37,1492,2001,1,"42_37_1492",-76.39508,40.82616,"Punctelia","rudecta","Punctelia rudecta"
6708,"2002_42_127_2525",2002,42,127,2525,2002,2,"42_127_2525",-75.36266,41.98633,"Punctelia","rudecta","Punctelia rudecta"
6708,"2001_42_103_1660",2001,42,103,1660,2001,3,"42_103_1660",-74.84175,41.35597,"Punctelia","rudecta","Punctelia rudecta"
6708,"2001_42_83_1150",2001,42,83,1150,2001,3,"42_83_1150",-78.90672,41.86883,"Punctelia","rudecta","Punctelia rudecta"
6708,"2002_42_41_2086",2002,42,41,2086,2002,3,"42_41_2086",-77.56269,40.16952,"Punctelia","rudecta","Punctelia rudecta"
6708,"2003_42_35_5585",2003,42,35,5585,2003,3,"42_35_5585",-77.810669,41.295058,"Punctelia","rudecta","Punctelia rudecta"
6708,"2000_42_131_352",2000,42,131,352,2000,3,"42_131_352",-76.04695,41.55543,"Punctelia","rudecta","Punctelia rudecta"
6708,"2001_42_105_1110",2001,42,105,1110,2001,2,"42_105_1110",-78.20135,41.95774,"Punctelia","rudecta","Punctelia rudecta"
6708,"2001_42_5_246",2001,42,5,246,2001,3,"42_5_246",-79.42293,40.98614,"Punctelia","rudecta","Punctelia rudecta"
6708,"2002_42_107_2090",2002,42,107,2090,2002,3,"42_107_2090",-76.21895,40.61765,"Punctelia","rudecta","Punctelia rudecta"
6708,"2001_42_105_1455",2001,42,105,1455,2001,1,"42_105_1455",-77.82061,41.55543,"Punctelia","rudecta","Punctelia rudecta"
6708,"2000_42_105_549",2000,42,105,549,2000,1,"42_105_549",-78.00457,41.83199,"Punctelia","rudecta","Punctelia rudecta"
6708,"2000_42_27_854",2000,42,27,854,2000,3,"42_27_854",-77.56483,40.93963,"Punctelia","rudecta","Punctelia rudecta"
6708,"2001_42_129_1739",2001,42,129,1739,2001,2,"42_129_1739",-79.22762,40.14009,"Punctelia","rudecta","Punctelia rudecta"
6708,"2002_42_65_2746",2002,42,65,2746,2002,2,"42_65_2746",-78.93837,41.25637,"Punctelia","rudecta","Punctelia rudecta"
6708,"2003_42_33_5479",2003,42,33,5479,2003,2,"42_33_5479",-78.247148,41.030423,"Punctelia","rudecta","Punctelia rudecta"
6708,"2001_42_61_716",2001,42,61,716,2001,3,"42_61_716",-77.74344,40.25368,"Punctelia","rudecta","Punctelia rudecta"
6708,"2002_42_55_1954",2002,42,55,1954,2002,3,"42_55_1954",-77.73248,40.07539,"Punctelia","rudecta","Punctelia rudecta"
6708,"2002_42_111_2122",2002,42,111,2122,2002,2,"42_111_2122",-79.03592,39.95742,"Punctelia","rudecta","Punctelia rudecta"
6708,"2001_42_43_1169",2001,42,43,1169,2001,1,"42_43_1169",-76.6666,40.39713,"Punctelia","rudecta","Punctelia rudecta"
6708,"2003_42_55_3151",2003,42,55,3151,2003,2,"42_55_3151",-77.574928,40.010362,"Punctelia","rudecta","Punctelia rudecta"
6803,"2003_42_9_5977",2003,42,9,5977,2003,1,"42_9_5977",-78.556632,39.924869,"Pyxine","caesiopruinosa","Pyxine caesiopruinosa"
6808,"2001_42_87_1010",2001,42,87,1010,2001,3,"42_87_1010",-77.70011,40.70391,"Pyxine","sorediata","Pyxine sorediata"
6808,"2001_42_103_1660",2001,42,103,1660,2001,3,"42_103_1660",-74.84175,41.35597,"Pyxine","sorediata","Pyxine sorediata"
6808,"2002_42_41_2086",2002,42,41,2086,2002,2,"42_41_2086",-77.56269,40.16952,"Pyxine","sorediata","Pyxine sorediata"
6808,"2000_42_61_945",2000,42,61,945,2000,3,"42_61_945",-78.09453,40.44808,"Pyxine","sorediata","Pyxine sorediata"
6808,"2003_42_81_3290",2003,42,81,3290,2003,3,"42_81_3290",-76.791561,41.361027,"Pyxine","sorediata","Pyxine sorediata"
7100,"2003_42_11_3336",2003,42,11,3336,2003,2,"42_11_3336",-76.189987,40.352168,"Rimelia","","Parmotrema"
7951,"2001_42_87_1010",2001,42,87,1010,2001,1,"42_87_1010",-77.70011,40.70391,"Umbilicaria","mammulata","Umbilicaria mammulata"
8000,"2003_42_15_3865",2003,42,15,3865,2003,2,"42_15_3865",-76.359675,41.599916,"Usnea","","Usnea"
8069,"2002_42_5_2625",2002,42,5,2625,2002,1,"42_5_2625",-79.55982,40.90603,"Usnea","strigosa","Usnea strigosa"
8069,"2003_42_33_3350",2003,42,33,3350,2003,1,"42_33_3350",-78.697546,40.758315,"Usnea","strigosa","Usnea strigosa"
8301,"2001_42_57_1174",2001,42,57,1174,2001,3,"42_57_1174",-78.19832,39.85475,"Candelaria","concolor","Candelaria concolor"
8301,"2003_42_55_3151",2003,42,55,3151,2003,3,"42_55_3151",-77.574928,40.010362,"Candelaria","concolor","Candelaria concolor"
8301,"2003_42_35_5449",2003,42,35,5449,2003,2,"42_35_5449",-77.284947,41.129177,"Candelaria","concolor","Candelaria concolor"
8301,"2003_42_109_4041",2003,42,109,4041,2003,2,"42_109_4041",-77.199108,40.705846,"Candelaria","concolor","Candelaria concolor"
8301,"2003_42_15_3865",2003,42,15,3865,2003,3,"42_15_3865",-76.359675,41.599916,"Candelaria","concolor","Candelaria concolor"
8301,"2002_42_69_2188",2002,42,69,2188,2002,1,"42_69_2188",-75.67823,41.52211,"Candelaria","concolor","Candelaria concolor"
8301,"2002_42_127_2525",2002,42,127,2525,2002,2,"42_127_2525",-75.36266,41.98633,"Candelaria","concolor","Candelaria concolor"
8301,"2002_42_55_1954",2002,42,55,1954,2002,2,"42_55_1954",-77.73248,40.07539,"Candelaria","concolor","Candelaria concolor"
8301,"2003_42_43_3545",2003,42,43,3545,2003,3,"42_43_3545",-76.706968,40.505765,"Candelaria","concolor","Candelaria concolor"
8301,"2002_42_11_2310",2002,42,11,2310,2002,2,"42_11_2310",-75.80825,40.22796,"Candelaria","concolor","Candelaria concolor"
8301,"2002_42_105_2581",2002,42,105,2581,2002,1,"42_105_2581",-78.0758,41.72411,"Candelaria","concolor","Candelaria concolor"
8301,"2001_42_29_448",2001,42,29,448,2001,1,"42_29_448",-75.6301,40.01467,"Candelaria","concolor","Candelaria concolor"
